ISO-10303-21;
HEADER;
FILE_DESCRIPTION((''),'2;1');
FILE_NAME('H615_4_','2024-03-25T09:14:53',('HR'),(''),
'CREO PARAMETRIC BY PTC INC, 2019010','CREO PARAMETRIC BY PTC INC, 2019010','');
FILE_SCHEMA(('AUTOMOTIVE_DESIGN { 1 0 10303 214 1 1 1 1 }'));
ENDSEC;
DATA;
#14=DIRECTION('',(7.131743755222E-14,1.E0,0.E0));
#15=VECTOR('',#14,1.35E1);
#16=CARTESIAN_POINT('',(-1.1145E1,-4.46E1,4.75E0));
#17=LINE('',#16,#15);
#18=DIRECTION('',(2.465460785719E-14,1.E0,0.E0));
#19=VECTOR('',#18,2.32E1);
#20=CARTESIAN_POINT('',(-1.1145E1,-3.11E1,4.75E0));
#21=LINE('',#20,#19);
#22=DIRECTION('',(3.487826274272E-2,-3.487826274242E-2,9.987827659587E-1));
#23=VECTOR('',#22,2.703290537266E0);
#24=CARTESIAN_POINT('',(-1.1145E1,-7.9E0,4.75E0));
#25=LINE('',#24,#23);
#26=DIRECTION('',(0.E0,-1.E0,0.E0));
#27=VECTOR('',#26,1.811427844744E0);
#28=CARTESIAN_POINT('',(-1.105071392237E1,-7.994286077628E0,7.45E0));
#29=LINE('',#28,#27);
#30=DIRECTION('',(-5.891529971601E-14,-1.E0,0.E0));
#31=VECTOR('',#30,3.479428607763E1);
#32=CARTESIAN_POINT('',(-1.109785696119E1,-9.852856961186E0,6.1E0));
#33=LINE('',#32,#31);
#34=DIRECTION('',(3.487826274153E-2,3.487826274152E-2,-9.987827659588E-1));
#35=VECTOR('',#34,1.351645268633E0);
#36=CARTESIAN_POINT('',(1.109785696119E1,-4.464714303881E1,6.1E0));
#37=LINE('',#36,#35);
#38=DIRECTION('',(1.E0,1.635588938919E-13,0.E0));
#39=VECTOR('',#38,5.300000000001E0);
#40=CARTESIAN_POINT('',(1.1145E1,-4.46E1,4.75E0));
#41=LINE('',#40,#39);
#42=DIRECTION('',(-1.E0,-4.321099876606E-14,0.E0));
#43=VECTOR('',#42,3.255825268982E1);
#44=CARTESIAN_POINT('',(1.627912634491E1,-4.476587365509E1,9.5E0));
#45=LINE('',#44,#43);
#46=DIRECTION('',(1.E0,3.794030079626E-13,0.E0));
#47=VECTOR('',#46,5.299999999998E0);
#48=CARTESIAN_POINT('',(-1.6445E1,-4.46E1,4.75E0));
#49=LINE('',#48,#47);
#50=DIRECTION('',(3.487826274119E-2,-3.487826274117E-2,9.987827659588E-1));
#51=VECTOR('',#50,1.351645268633E0);
#52=CARTESIAN_POINT('',(-1.1145E1,-4.46E1,4.75E0));
#53=LINE('',#52,#51);
#54=DIRECTION('',(1.E0,-5.762269818583E-14,0.E0));
#55=VECTOR('',#54,2.219571392238E1);
#56=CARTESIAN_POINT('',(-1.109785696119E1,-4.464714303881E1,6.1E0));
#57=LINE('',#56,#55);
#58=DIRECTION('',(0.E0,-1.E0,0.E0));
#59=VECTOR('',#58,3.42E1);
#60=CARTESIAN_POINT('',(1.1145E1,-1.04E1,4.75E0));
#61=LINE('',#60,#59);
#62=DIRECTION('',(0.E0,1.E0,0.E0));
#63=VECTOR('',#62,3.424714303882E1);
#64=CARTESIAN_POINT('',(1.109785696119E1,-4.464714303881E1,6.1E0));
#65=LINE('',#64,#63);
#66=CARTESIAN_POINT('',(1.1645E1,-1.04E1,4.75E0));
#67=DIRECTION('',(0.E0,0.E0,1.E0));
#68=DIRECTION('',(0.E0,1.E0,0.E0));
#69=AXIS2_PLACEMENT_3D('',#66,#67,#68);
#71=DIRECTION('',(-3.489949670155E-2,4.797186828143E-12,9.993908270191E-1));
#72=VECTOR('',#71,1.350822884803E0);
#73=CARTESIAN_POINT('',(1.1145E1,-1.04E1,4.75E0));
#74=LINE('',#73,#72);
#75=DIRECTION('',(-1.249267403162E-13,-3.489949670253E-2,-9.993908270191E-1));
#76=VECTOR('',#75,1.350822884803E0);
#77=CARTESIAN_POINT('',(1.1645E1,-9.852856961186E0,6.1E0));
#78=LINE('',#77,#76);
#79=DIRECTION('',(3.783871283382E-13,3.489949670259E-2,-9.993908270191E-1));
#80=VECTOR('',#79,1.751066702523E0);
#81=CARTESIAN_POINT('',(1.1645E1,-9.9E0,4.75E0));
#82=LINE('',#81,#80);
#83=DIRECTION('',(3.489949670240E-2,-5.680879138590E-13,9.993908270191E-1));
#84=VECTOR('',#83,1.751066702523E0);
#85=CARTESIAN_POINT('',(1.108388865339E1,-1.04E1,3.E0));
#86=LINE('',#85,#84);
#87=DIRECTION('',(-3.489650666920E-2,3.487823453169E-2,-9.987821296851E-1));
#88=VECTOR('',#87,1.752134019171E0);
#89=CARTESIAN_POINT('',(1.444621833546E1,-9.899999989502E0,4.75E0));
#90=LINE('',#89,#88);
#91=DIRECTION('',(1.E0,3.747713622643E-9,0.E0));
#92=VECTOR('',#91,2.801218335461E0);
#93=CARTESIAN_POINT('',(1.1645E1,-9.9E0,4.75E0));
#94=LINE('',#93,#92);
#95=CARTESIAN_POINT('',(1.444621833546E1,-9.899999989502E0,4.75E0));
#96=CARTESIAN_POINT('',(1.462078381739E1,-9.899999989502E0,4.750000000004E0));
#97=CARTESIAN_POINT('',(1.496978743723E1,-9.854056112099E0,4.750000012960E0));
#98=CARTESIAN_POINT('',(1.545736007753E1,-9.652130313792E0,4.749998957002E0));
#99=CARTESIAN_POINT('',(1.587595519514E1,-9.330953628781E0,4.749997981347E0));
#100=CARTESIAN_POINT('',(1.619713126682E1,-8.912358343753E0,4.749998956984E0));
#101=CARTESIAN_POINT('',(1.639905635978E1,-8.424786192484E0,4.750000012995E0));
#102=CARTESIAN_POINT('',(1.644499998950E1,-8.075783348478E0,4.75E0));
#103=CARTESIAN_POINT('',(1.644499998950E1,-7.901218335464E0,4.75E0));
#105=DIRECTION('',(-3.487824445928E-2,3.489008751441E-2,9.987823535970E-1));
#106=VECTOR('',#105,2.703291800699E0);
#107=CARTESIAN_POINT('',(1.644499998950E1,-7.901218335464E0,4.75E0));
#108=LINE('',#107,#106);
#109=DIRECTION('',(1.758640212941E-10,1.E0,-5.037584466722E-9));
#110=VECTOR('',#109,2.921261417033E1);
#111=CARTESIAN_POINT('',(1.635071391723E1,-7.806900247960E0,7.450000147161E0));
#112=LINE('',#111,#110);
#113=CARTESIAN_POINT('',(1.635071391723E1,-7.806900247960E0,7.450000147161E0));
#114=CARTESIAN_POINT('',(1.635071391723E1,-7.986031346222E0,7.450000147161E0));
#115=CARTESIAN_POINT('',(1.630446688893E1,-8.330147130191E0,7.449999931325E0));
#116=CARTESIAN_POINT('',(1.610224231213E1,-8.819478871317E0,7.450000019621E0));
#117=CARTESIAN_POINT('',(1.578146103652E1,-9.236408415748E0,7.449999990189E0));
#118=CARTESIAN_POINT('',(1.536453715403E1,-9.557210249296E0,7.450000019621E0));
#119=CARTESIAN_POINT('',(1.487518864007E1,-9.759458552590E0,7.449999931325E0));
#120=CARTESIAN_POINT('',(1.453104758733E1,-9.805713917234E0,7.450000147161E0));
#121=CARTESIAN_POINT('',(1.435190025039E1,-9.805713917233E0,7.450000147161E0));
#123=CARTESIAN_POINT('',(1.254047240322E1,-7.994286072489E0,7.449999852839E0));
#124=CARTESIAN_POINT('',(1.271960350148E1,-7.994286072489E0,7.449999852839E0));
#125=CARTESIAN_POINT('',(1.306371928545E1,-7.948039044188E0,7.450000068675E0));
#126=CARTESIAN_POINT('',(1.355305102657E1,-7.745814467390E0,7.449999980379E0));
#127=CARTESIAN_POINT('',(1.396998057100E1,-7.425033191775E0,7.450000009811E0));
#128=CARTESIAN_POINT('',(1.429078240455E1,-7.008109309286E0,7.449999980379E0));
#129=CARTESIAN_POINT('',(1.449303070785E1,-6.518760795333E0,7.450000068675E0));
#130=CARTESIAN_POINT('',(1.453928607249E1,-6.174619742586E0,7.449999852839E0));
#131=CARTESIAN_POINT('',(1.453928607249E1,-5.995472405652E0,7.449999852839E0));
#133=DIRECTION('',(2.545304328472E-10,1.E0,7.288892290779E-9));
#134=VECTOR('',#133,2.018975848328E1);
#135=CARTESIAN_POINT('',(1.453928607249E1,-5.995472405652E0,7.449999852839E0));
#136=LINE('',#135,#134);
#137=DIRECTION('',(-1.E0,4.736951571736E-13,0.E0));
#138=VECTOR('',#137,1.589999999999E0);
#139=CARTESIAN_POINT('',(1.453928607763E1,1.419428607763E1,7.45E0));
#140=LINE('',#139,#138);
#141=DIRECTION('',(-2.124460765695E-13,1.E0,-1.622125215186E-14));
#142=VECTOR('',#141,1.697373960589E0);
#143=CARTESIAN_POINT('',(1.294928607763E1,1.419428607763E1,7.45E0));
#144=LINE('',#143,#142);
#145=CARTESIAN_POINT('',(1.3295E1,1.683E1,7.45E0));
#146=DIRECTION('',(0.E0,0.E0,1.E0));
#147=DIRECTION('',(-3.457139223701E-1,-9.383399617833E-1,0.E0));
#148=AXIS2_PLACEMENT_3D('',#145,#146,#147);
#150=CARTESIAN_POINT('',(1.3295E1,1.683E1,7.45E0));
#151=DIRECTION('',(0.E0,0.E0,1.E0));
#152=DIRECTION('',(1.E0,0.E0,0.E0));
#153=AXIS2_PLACEMENT_3D('',#150,#151,#152);
#155=DIRECTION('',(2.644207304429E-14,1.E0,0.E0));
#156=VECTOR('',#155,1.363737396059E1);
#157=CARTESIAN_POINT('',(1.294928607763E1,1.776833996178E1,7.45E0));
#158=LINE('',#157,#156);
#159=DIRECTION('',(-1.E0,0.E0,0.E0));
#160=VECTOR('',#159,1.5E0);
#161=CARTESIAN_POINT('',(1.635071392237E1,3.019428607763E1,7.45E0));
#162=LINE('',#161,#160);
#163=DIRECTION('',(0.E0,-1.E0,0.E0));
#164=VECTOR('',#163,2.188572155257E0);
#165=CARTESIAN_POINT('',(1.485071392237E1,3.019428607763E1,7.45E0));
#166=LINE('',#165,#164);
#167=DIRECTION('',(-1.E0,-5.092222939617E-13,0.E0));
#168=VECTOR('',#167,1.499999999999E0);
#169=CARTESIAN_POINT('',(1.635071392237E1,2.359428607763E1,7.45E0));
#170=LINE('',#169,#168);
#171=DIRECTION('',(-3.498215930154E-13,-1.E0,0.E0));
#172=VECTOR('',#171,2.188572155258E0);
#173=CARTESIAN_POINT('',(1.485071392237E1,2.359428607763E1,7.45E0));
#174=LINE('',#173,#172);
#175=DIRECTION('',(3.489008661549E-2,-3.487824446E-2,-9.987823536283E-1));
#176=VECTOR('',#175,2.703291800614E0);
#177=CARTESIAN_POINT('',(1.435190025039E1,-9.805713917233E0,7.450000147161E0));
#178=LINE('',#177,#176);
#179=DIRECTION('',(3.487826274388E-2,3.487826274241E-2,9.987827659587E-1));
#180=VECTOR('',#179,1.351645268633E0);
#181=CARTESIAN_POINT('',(-1.109785696119E1,-9.852856961186E0,6.1E0));
#182=LINE('',#181,#180);
#183=DIRECTION('',(1.E0,2.022932859127E-10,5.793142415894E-9));
#184=VECTOR('',#183,2.540261417276E1);
#185=CARTESIAN_POINT('',(-1.105071392237E1,-9.805713922372E0,7.45E0));
#186=LINE('',#185,#184);
#187=DIRECTION('',(1.E0,0.E0,0.E0));
#188=VECTOR('',#187,2.274285696119E1);
#189=CARTESIAN_POINT('',(-1.109785696119E1,-9.852856961186E0,6.1E0));
#190=LINE('',#189,#188);
#191=CARTESIAN_POINT('',(1.1645E1,-1.04E1,6.1E0));
#192=DIRECTION('',(0.E0,0.E0,1.E0));
#193=DIRECTION('',(9.220355676705E-13,1.E0,0.E0));
#194=AXIS2_PLACEMENT_3D('',#191,#192,#193);
#196=DIRECTION('',(3.486643795552E-2,-3.487828102098E-2,9.987831781810E-1));
#197=VECTOR('',#196,2.703289274211E0);
#198=CARTESIAN_POINT('',(1.244621833546E1,-7.899999989502E0,4.75E0));
#199=LINE('',#198,#197);
#200=DIRECTION('',(-1.E0,-2.178354540016E-10,6.237965221395E-9));
#201=VECTOR('',#200,2.359118632559E1);
#202=CARTESIAN_POINT('',(1.254047240322E1,-7.994286072489E0,7.449999852839E0));
#203=LINE('',#202,#201);
#204=DIRECTION('',(1.E0,0.E0,0.E0));
#205=VECTOR('',#204,7.699999999999E0);
#206=CARTESIAN_POINT('',(-1.1145E1,-7.9E0,4.75E0));
#207=LINE('',#206,#205);
#208=DIRECTION('',(1.E0,7.898459446578E-10,0.E0));
#209=VECTOR('',#208,1.329121833546E1);
#210=CARTESIAN_POINT('',(-8.45E-1,-7.9E0,4.75E0));
#211=LINE('',#210,#209);
#212=CARTESIAN_POINT('',(1.244621833546E1,-7.899999989502E0,4.75E0));
#213=CARTESIAN_POINT('',(1.262078381739E1,-7.899999989502E0,4.750000000001E0));
#214=CARTESIAN_POINT('',(1.296978743723E1,-7.854056112100E0,4.750000012961E0));
#215=CARTESIAN_POINT('',(1.345736007753E1,-7.652130313791E0,4.749998957002E0));
#216=CARTESIAN_POINT('',(1.387595519514E1,-7.330953628781E0,4.749997981347E0));
#217=CARTESIAN_POINT('',(1.419713126682E1,-6.912358343752E0,4.749998956984E0));
#218=CARTESIAN_POINT('',(1.439905635977E1,-6.424786192484E0,4.750000012995E0));
#219=CARTESIAN_POINT('',(1.444499998950E1,-6.075783348478E0,4.75E0));
#220=CARTESIAN_POINT('',(1.444499998950E1,-5.901218335464E0,4.75E0));
#222=DIRECTION('',(3.487829094141E-2,-3.486001877698E-2,-9.987834019005E-1));
#223=VECTOR('',#222,1.752131492683E0);
#224=CARTESIAN_POINT('',(1.444499998950E1,-5.901218335464E0,4.75E0));
#225=LINE('',#224,#223);
#226=DIRECTION('',(2.553891607474E-10,1.E0,-7.312924263585E-9));
#227=VECTOR('',#226,2.012340901881E1);
#228=CARTESIAN_POINT('',(1.450611134147E1,-5.962297672199E0,3.000000147161E0));
#229=LINE('',#228,#227);
#230=CARTESIAN_POINT('',(1.438507497898E1,-9.838888648250E0,2.999999852839E0));
#231=CARTESIAN_POINT('',(1.456420607724E1,-9.838888648251E0,2.999999852839E0));
#232=CARTESIAN_POINT('',(1.490832186121E1,-9.792641619950E0,3.000000068675E0));
#233=CARTESIAN_POINT('',(1.539765360233E1,-9.590417043154E0,2.999999980379E0));
#234=CARTESIAN_POINT('',(1.581458314676E1,-9.269635767539E0,3.000000009811E0));
#235=CARTESIAN_POINT('',(1.613538498031E1,-8.852711885049E0,2.999999980379E0));
#236=CARTESIAN_POINT('',(1.633763328361E1,-8.363363371094E0,3.000000068675E0));
#237=CARTESIAN_POINT('',(1.638388864825E1,-8.019222318348E0,2.999999852839E0));
#238=CARTESIAN_POINT('',(1.638388864825E1,-7.840074981411E0,2.999999852839E0));
#240=DIRECTION('',(2.335584670749E-10,1.E0,6.688775852048E-9));
#241=VECTOR('',#240,2.200118632802E1);
#242=CARTESIAN_POINT('',(1.638388864825E1,-7.840074981411E0,2.999999852839E0));
#243=LINE('',#242,#241);
#244=CARTESIAN_POINT('',(1.450611134147E1,-5.962297672199E0,3.000000147161E0));
#245=CARTESIAN_POINT('',(1.450611134147E1,-6.141428770461E0,3.000000147161E0));
#246=CARTESIAN_POINT('',(1.445986431317E1,-6.485544554429E0,2.999999931325E0));
#247=CARTESIAN_POINT('',(1.425763973637E1,-6.974876295555E0,3.000000019621E0));
#248=CARTESIAN_POINT('',(1.393685846076E1,-7.391805839986E0,2.999999990189E0));
#249=CARTESIAN_POINT('',(1.351993457827E1,-7.712607673535E0,3.000000019621E0));
#250=CARTESIAN_POINT('',(1.303058606431E1,-7.914855976829E0,2.999999931325E0));
#251=CARTESIAN_POINT('',(1.268644501157E1,-7.961111341472E0,3.000000147161E0));
#252=CARTESIAN_POINT('',(1.250729767463E1,-7.961111341472E0,3.000000147161E0));
#254=DIRECTION('',(0.E0,-1.E0,0.E0));
#255=VECTOR('',#254,3.795555461356E1);
#256=CARTESIAN_POINT('',(4.814915761749E0,-7.961111346611E0,3.E0));
#257=LINE('',#256,#255);
#258=DIRECTION('',(1.E0,1.337785081013E-13,0.E0));
#259=VECTOR('',#258,7.223418278083E0);
#260=CARTESIAN_POINT('',(4.814915761749E0,-4.591666596017E1,3.E0));
#261=LINE('',#260,#259);
#262=DIRECTION('',(-7.540876240477E-13,1.E0,-1.096468871739E-14));
#263=VECTOR('',#262,1.255554613558E0);
#264=CARTESIAN_POINT('',(1.203833403983E1,-4.591666596017E1,3.E0));
#265=LINE('',#264,#263);
#266=DIRECTION('',(0.E0,1.E0,0.E0));
#267=VECTOR('',#266,3.426111134661E1);
#268=CARTESIAN_POINT('',(1.108388865339E1,-4.466111134661E1,3.E0));
#269=LINE('',#268,#267);
#270=CARTESIAN_POINT('',(1.1645E1,-1.04E1,3.E0));
#271=DIRECTION('',(0.E0,0.E0,-1.E0));
#272=DIRECTION('',(-1.E0,5.318515671121E-12,0.E0));
#273=AXIS2_PLACEMENT_3D('',#270,#271,#272);
#275=DIRECTION('',(1.E0,1.875509211593E-9,-5.370691924448E-8));
#276=VECTOR('',#275,2.740074978975E0);
#277=CARTESIAN_POINT('',(1.1645E1,-9.838888653389E0,3.E0));
#278=LINE('',#277,#276);
#279=DIRECTION('',(3.487823453338E-2,-3.489650528249E-2,9.987821297335E-1));
#280=VECTOR('',#279,1.752134019086E0);
#281=CARTESIAN_POINT('',(1.638388864825E1,-7.840074981411E0,2.999999852839E0));
#282=LINE('',#281,#280);
#283=DIRECTION('',(3.570121455592E-10,1.E0,0.E0));
#284=VECTOR('',#283,2.940121833546E1);
#285=CARTESIAN_POINT('',(1.644499998950E1,-7.901218335464E0,4.75E0));
#286=LINE('',#285,#284);
#287=DIRECTION('',(2.438787786781E-14,-1.E0,0.E0));
#288=VECTOR('',#287,7.138094228815E0);
#289=CARTESIAN_POINT('',(1.631404711441E1,2.136904711441E1,1.E0));
#290=LINE('',#289,#288);
#291=DIRECTION('',(3.487826274180E-2,-3.487826274179E-2,9.987827659588E-1));
#292=VECTOR('',#291,2.002437435011E0);
#293=CARTESIAN_POINT('',(1.631404711441E1,1.423095288559E1,1.E0));
#294=LINE('',#293,#292);
#295=DIRECTION('',(3.487825939106E-2,-3.487826274636E-2,-9.987827660756E-1));
#296=VECTOR('',#295,2.237583457458E0);
#297=CARTESIAN_POINT('',(1.290790986935E1,2.144709013815E1,3.234859794965E0));
#298=LINE('',#297,#296);
#299=DIRECTION('',(1.E0,-4.067144192923E-13,0.E0));
#300=VECTOR('',#299,3.328094228816E0);
#301=CARTESIAN_POINT('',(1.298595288559E1,2.136904711441E1,1.E0));
#302=LINE('',#301,#300);
#303=DIRECTION('',(3.487826274186E-2,3.487826274187E-2,9.987827659588E-1));
#304=VECTOR('',#303,3.754570190646E0);
#305=CARTESIAN_POINT('',(1.631404711441E1,2.136904711441E1,1.E0));
#306=LINE('',#305,#304);
#307=DIRECTION('',(-1.E0,4.097463109552E-13,0.E0));
#308=VECTOR('',#307,1.499999999999E0);
#309=CARTESIAN_POINT('',(1.6445E1,2.15E1,4.75E0));
#310=LINE('',#309,#308);
#311=DIRECTION('',(-3.487826768419E-2,-3.487826273510E-2,-9.987827657864E-1));
#312=VECTOR('',#311,1.516986737959E0);
#313=CARTESIAN_POINT('',(1.4945E1,2.15E1,4.75E0));
#314=LINE('',#313,#312);
#315=DIRECTION('',(-1.E0,-2.305350394160E-9,0.E0));
#316=VECTOR('',#315,2.051587583642E0);
#317=CARTESIAN_POINT('',(1.492579379182E1,2.244644275935E1,4.2E0));
#318=LINE('',#317,#316);
#319=DIRECTION('',(1.E0,-8.413651674571E-11,-2.401639851513E-9));
#320=VECTOR('',#319,1.984180261127E0);
#321=CARTESIAN_POINT('',(1.290790986935E1,2.144709013815E1,3.234859794965E0));
#322=LINE('',#321,#320);
#323=DIRECTION('',(2.004554802067E-7,-1.E0,0.E0));
#324=VECTOR('',#323,1.072763663869E0);
#325=CARTESIAN_POINT('',(1.492579357678E1,2.351920642322E1,4.2E0));
#326=LINE('',#325,#324);
#327=CARTESIAN_POINT('',(1.492579379182E1,2.244644275935E1,4.2E0));
#328=CARTESIAN_POINT('',(1.492579379182E1,2.234040964295E1,4.2E0));
#329=CARTESIAN_POINT('',(1.492467133572E1,2.213944326397E1,4.167866080744E0));
#330=CARTESIAN_POINT('',(1.491983817612E1,2.186001256658E1,4.029458865169E0));
#331=CARTESIAN_POINT('',(1.491234145753E1,2.163772941120E1,3.814781939008E0));
#332=CARTESIAN_POINT('',(1.490276031417E1,2.148975531304E1,3.540413499279E0));
#333=CARTESIAN_POINT('',(1.489579199240E1,2.145079199991E1,3.340867245878E0));
#334=CARTESIAN_POINT('',(1.489209013048E1,2.144709013799E1,3.234859790200E0));
#336=DIRECTION('',(3.730349362741E-14,1.E0,0.E0));
#337=VECTOR('',#336,2.E0);
#338=CARTESIAN_POINT('',(1.4945E1,2.15E1,4.75E0));
#339=LINE('',#338,#337);
#340=DIRECTION('',(-3.487826274203E-2,3.487826274203E-2,-9.987827659587E-1));
#341=VECTOR('',#340,5.506702946281E-1);
#342=CARTESIAN_POINT('',(1.4945E1,2.35E1,4.75E0));
#343=LINE('',#342,#341);
#344=DIRECTION('',(-3.487826274295E-2,-3.487826274295E-2,9.987827659587E-1));
#345=VECTOR('',#344,2.703290537266E0);
#346=CARTESIAN_POINT('',(1.4945E1,2.15E1,4.75E0));
#347=LINE('',#346,#345);
#348=DIRECTION('',(3.487826274270E-2,-3.487826274269E-2,-9.987827659587E-1));
#349=VECTOR('',#348,2.703290537266E0);
#350=CARTESIAN_POINT('',(1.485071392237E1,2.359428607763E1,7.45E0));
#351=LINE('',#350,#349);
#352=DIRECTION('',(-3.487826274272E-2,-3.487826274273E-2,9.987827659587E-1));
#353=VECTOR('',#352,2.703290537266E0);
#354=CARTESIAN_POINT('',(1.6445E1,2.15E1,4.75E0));
#355=LINE('',#354,#353);
#356=DIRECTION('',(-1.E0,0.E0,0.E0));
#357=VECTOR('',#356,1.5E0);
#358=CARTESIAN_POINT('',(1.635071392237E1,2.140571392237E1,7.45E0));
#359=LINE('',#358,#357);
#360=DIRECTION('',(-3.487826274272E-2,3.487826274272E-2,9.987827659587E-1));
#361=VECTOR('',#360,2.703290537266E0);
#362=CARTESIAN_POINT('',(1.6445E1,2.35E1,4.75E0));
#363=LINE('',#362,#361);
#364=DIRECTION('',(0.E0,1.E0,0.E0));
#365=VECTOR('',#364,4.411427844742E0);
#366=CARTESIAN_POINT('',(1.635071392237E1,2.359428607763E1,7.45E0));
#367=LINE('',#366,#365);
#368=DIRECTION('',(3.487826274269E-2,3.487826274269E-2,-9.987827659587E-1));
#369=VECTOR('',#368,2.703290537266E0);
#370=CARTESIAN_POINT('',(1.485071392237E1,2.800571392237E1,7.45E0));
#371=LINE('',#370,#369);
#372=DIRECTION('',(-3.487826274272E-2,-3.487826274272E-2,9.987827659587E-1));
#373=VECTOR('',#372,2.703290537266E0);
#374=CARTESIAN_POINT('',(1.6445E1,2.81E1,4.75E0));
#375=LINE('',#374,#373);
#376=DIRECTION('',(-1.E0,5.044853423899E-13,0.E0));
#377=VECTOR('',#376,1.499999999999E0);
#378=CARTESIAN_POINT('',(1.635071392237E1,2.800571392237E1,7.45E0));
#379=LINE('',#378,#377);
#380=DIRECTION('',(3.487826274265E-2,-3.487826274265E-2,-9.987827659587E-1));
#381=VECTOR('',#380,2.703290537266E0);
#382=CARTESIAN_POINT('',(1.485071392237E1,3.019428607763E1,7.45E0));
#383=LINE('',#382,#381);
#384=CARTESIAN_POINT('',(1.489209013065E1,3.015290986185E1,3.234859794956E0));
#385=CARTESIAN_POINT('',(1.489579253773E1,3.014920745476E1,3.340882862046E0));
#386=CARTESIAN_POINT('',(1.490276165280E1,3.011023391260E1,3.540451832749E0));
#387=CARTESIAN_POINT('',(1.491234310692E1,2.996223594959E1,3.814829171447E0));
#388=CARTESIAN_POINT('',(1.491983932777E1,2.973993901322E1,4.029491844072E0));
#389=CARTESIAN_POINT('',(1.492467166582E1,2.946051803462E1,4.167875533691E0));
#390=CARTESIAN_POINT('',(1.492579379182E1,2.925957471743E1,4.2E0));
#391=CARTESIAN_POINT('',(1.492579379182E1,2.915355724538E1,4.2E0));
#393=DIRECTION('',(-2.004553750032E-7,-1.E0,0.E0));
#394=VECTOR('',#393,1.072763668599E0);
#395=CARTESIAN_POINT('',(1.492579379182E1,2.915355724538E1,4.2E0));
#396=LINE('',#395,#394);
#397=DIRECTION('',(-6.039613253961E-14,1.E0,0.E0));
#398=VECTOR('',#397,2.E0);
#399=CARTESIAN_POINT('',(1.4945E1,2.81E1,4.75E0));
#400=LINE('',#399,#398);
#401=DIRECTION('',(3.487826768473E-2,-3.487826273561E-2,9.987827657864E-1));
#402=VECTOR('',#401,1.516986733197E0);
#403=CARTESIAN_POINT('',(1.489209013065E1,3.015290986185E1,3.234859794956E0));
#404=LINE('',#403,#402);
#405=DIRECTION('',(-3.487826274192E-2,3.487826274193E-2,-9.987827659587E-1));
#406=VECTOR('',#405,3.754570190646E0);
#407=CARTESIAN_POINT('',(1.6445E1,3.01E1,4.75E0));
#408=LINE('',#407,#406);
#409=DIRECTION('',(-1.E0,1.590562952088E-13,0.E0));
#410=VECTOR('',#409,3.328094228817E0);
#411=CARTESIAN_POINT('',(1.631404711441E1,3.023095288559E1,1.E0));
#412=LINE('',#411,#410);
#413=DIRECTION('',(-3.487825939109E-2,-3.487826274636E-2,9.987827660756E-1));
#414=VECTOR('',#413,2.237583452687E0);
#415=CARTESIAN_POINT('',(1.298595288559E1,3.023095288559E1,1.E0));
#416=LINE('',#415,#414);
#417=DIRECTION('',(1.E0,2.305350394160E-9,0.E0));
#418=VECTOR('',#417,2.051587583642E0);
#419=CARTESIAN_POINT('',(1.287420620818E1,2.915355724065E1,4.2E0));
#420=LINE('',#419,#418);
#421=DIRECTION('',(-1.E0,8.330213460483E-11,-2.397270088393E-9));
#422=VECTOR('',#421,1.984180261126E0);
#423=CARTESIAN_POINT('',(1.489209013065E1,3.015290986185E1,3.234859794956E0));
#424=LINE('',#423,#422);
#425=DIRECTION('',(-2.004554504011E-7,1.E0,0.E0));
#426=VECTOR('',#425,1.072763663869E0);
#427=CARTESIAN_POINT('',(1.287420642322E1,2.808079357678E1,4.2E0));
#428=LINE('',#427,#426);
#429=CARTESIAN_POINT('',(1.287420620818E1,2.915355724065E1,4.2E0));
#430=CARTESIAN_POINT('',(1.287420620818E1,2.925959035705E1,4.2E0));
#431=CARTESIAN_POINT('',(1.287532866428E1,2.946055673603E1,4.167866080744E0));
#432=CARTESIAN_POINT('',(1.288016182388E1,2.973998743342E1,4.029458865169E0));
#433=CARTESIAN_POINT('',(1.288765854247E1,2.996227058880E1,3.814781939008E0));
#434=CARTESIAN_POINT('',(1.289723968583E1,3.011024468696E1,3.540413499279E0));
#435=CARTESIAN_POINT('',(1.290420800760E1,3.014920800009E1,3.340867245878E0));
#436=CARTESIAN_POINT('',(1.290790986952E1,3.015290986201E1,3.234859790200E0));
#438=DIRECTION('',(-2.403211782403E-13,1.E0,0.E0));
#439=VECTOR('',#438,9.269060233969E0);
#440=CARTESIAN_POINT('',(1.298595288559E1,3.023095288559E1,1.E0));
#441=LINE('',#440,#439);
#442=DIRECTION('',(6.198373737060E-7,-9.999999999998E-1,0.E0));
#443=VECTOR('',#442,7.387890685812E-1);
#444=CARTESIAN_POINT('',(1.291611088868E1,4.149990041519E1,3.E0));
#445=LINE('',#444,#443);
#446=DIRECTION('',(-3.487826274150E-2,-3.487826274227E-2,9.987827659588E-1));
#447=VECTOR('',#446,1.752132755654E0);
#448=CARTESIAN_POINT('',(1.291611134661E1,4.076111134661E1,3.E0));
#449=LINE('',#448,#447);
#450=DIRECTION('',(-3.487827050192E-2,3.487826273364E-2,9.987827656881E-1));
#451=VECTOR('',#450,1.932649107569E0);
#452=CARTESIAN_POINT('',(1.2855E1,4.07E1,4.750000000019E0));
#453=LINE('',#452,#451);
#454=CARTESIAN_POINT('',(1.278759254164E1,4.076740744335E1,6.680296620781E0));
#455=CARTESIAN_POINT('',(1.279370312191E1,4.076129686308E1,6.505312496502E0));
#456=CARTESIAN_POINT('',(1.280540026726E1,4.070537262400E1,6.170350677390E0));
#457=CARTESIAN_POINT('',(1.282191942765E1,4.049519678371E1,5.697303705583E0));
#458=CARTESIAN_POINT('',(1.283593330138E1,4.017326158013E1,5.295998414868E0));
#459=CARTESIAN_POINT('',(1.284668313818E1,3.976090822846E1,4.988165289308E0));
#460=CARTESIAN_POINT('',(1.285344777649E1,3.928069235124E1,4.794444150826E0));
#461=CARTESIAN_POINT('',(1.285500043008E1,3.894364361944E1,4.75E0));
#462=CARTESIAN_POINT('',(1.285500043008E1,3.876871771572E1,4.75E0));
#464=DIRECTION('',(-1.412494315639E-7,-1.E0,0.E0));
#465=VECTOR('',#464,5.337412012966E0);
#466=CARTESIAN_POINT('',(1.285500043008E1,3.876871771572E1,4.75E0));
#467=LINE('',#466,#465);
#468=DIRECTION('',(2.210363591855E-8,-1.E0,0.E0));
#469=VECTOR('',#468,1.465030595903E1);
#470=CARTESIAN_POINT('',(1.285499967617E1,3.343130570275E1,4.75E0));
#471=LINE('',#470,#469);
#472=DIRECTION('',(-9.159441954366E-14,1.E0,1.680329279398E-14));
#473=VECTOR('',#472,2.695727555312E0);
#474=CARTESIAN_POINT('',(1.298595288559E1,1.867331955910E1,1.E0));
#475=LINE('',#474,#473);
#476=CARTESIAN_POINT('',(1.290790986935E1,2.144709013815E1,3.234859794965E0));
#477=CARTESIAN_POINT('',(1.290420746227E1,2.145079254524E1,3.340882862042E0));
#478=CARTESIAN_POINT('',(1.289723834720E1,2.148976608740E1,3.540451832751E0));
#479=CARTESIAN_POINT('',(1.288765689308E1,2.163776405041E1,3.814829171447E0));
#480=CARTESIAN_POINT('',(1.288016067223E1,2.186006098678E1,4.029491844072E0));
#481=CARTESIAN_POINT('',(1.287532833418E1,2.213948196538E1,4.167875533691E0));
#482=CARTESIAN_POINT('',(1.287420620818E1,2.234042528257E1,4.2E0));
#483=CARTESIAN_POINT('',(1.287420620818E1,2.244644275462E1,4.2E0));
#485=DIRECTION('',(2.004553385741E-7,1.E0,0.E0));
#486=VECTOR('',#485,1.072763668598E0);
#487=CARTESIAN_POINT('',(1.287420620818E1,2.244644275462E1,4.2E0));
#488=LINE('',#487,#486);
#489=DIRECTION('',(3.487826274235E-2,3.487826274235E-2,-9.987827659587E-1));
#490=VECTOR('',#489,1.201462461007E0);
#491=CARTESIAN_POINT('',(1.287420642322E1,2.351920642322E1,4.2E0));
#492=LINE('',#491,#490);
#493=DIRECTION('',(0.E0,1.E0,0.E0));
#494=VECTOR('',#493,4.477777306780E0);
#495=CARTESIAN_POINT('',(1.291611134661E1,2.356111134661E1,3.E0));
#496=LINE('',#495,#494);
#497=DIRECTION('',(1.832113607637E-13,1.E0,0.E0));
#498=VECTOR('',#497,9.269060233970E0);
#499=CARTESIAN_POINT('',(1.631404711441E1,3.023095288559E1,1.E0));
#500=LINE('',#499,#498);
#501=DIRECTION('',(-1.E0,-8.480341261637E-11,0.E0));
#502=VECTOR('',#501,3.467778222638E0);
#503=CARTESIAN_POINT('',(1.638388911132E1,4.149990041549E1,3.E0));
#504=LINE('',#503,#502);
#505=CARTESIAN_POINT('',(1.291611088868E1,4.149990041519E1,3.E0));
#506=CARTESIAN_POINT('',(1.291611088868E1,4.132170602725E1,3.E0));
#507=CARTESIAN_POINT('',(1.291771510815E1,4.097840941868E1,2.954080364182E0));
#508=CARTESIAN_POINT('',(1.292476737074E1,4.048827701342E1,2.752122269864E0));
#509=CARTESIAN_POINT('',(1.293599737820E1,4.006987516050E1,2.430538999737E0));
#510=CARTESIAN_POINT('',(1.295060548907E1,3.974815496886E1,2.012216882134E0));
#511=CARTESIAN_POINT('',(1.296772484563E1,3.954600240609E1,1.521982802945E0));
#512=CARTESIAN_POINT('',(1.297971918331E1,3.950001311956E1,1.178509877323E0));
#513=CARTESIAN_POINT('',(1.298595288559E1,3.950001311956E1,1.E0));
#515=DIRECTION('',(1.E0,0.E0,0.E0));
#516=VECTOR('',#515,3.328094228821E0);
#517=CARTESIAN_POINT('',(1.298595288559E1,3.950001311956E1,1.E0));
#518=LINE('',#517,#516);
#519=CARTESIAN_POINT('',(1.631404711441E1,3.950001311956E1,1.E0));
#520=CARTESIAN_POINT('',(1.632028084425E1,3.950001311956E1,1.178510666638E0));
#521=CARTESIAN_POINT('',(1.633227521760E1,3.954600285115E1,1.521984613506E0));
#522=CARTESIAN_POINT('',(1.634939454941E1,3.974815572248E1,2.012217983864E0));
#523=CARTESIAN_POINT('',(1.636400261768E1,4.006987522362E1,2.430538881798E0));
#524=CARTESIAN_POINT('',(1.637523260178E1,4.048827585022E1,2.752121482823E0));
#525=CARTESIAN_POINT('',(1.638228487600E1,4.097840756356E1,2.954079910505E0));
#526=CARTESIAN_POINT('',(1.638388911132E1,4.132170522026E1,3.E0));
#527=CARTESIAN_POINT('',(1.638388911132E1,4.149990041549E1,3.E0));
#529=DIRECTION('',(-1.E0,0.E0,0.E0));
#530=VECTOR('',#529,1.352968307797E1);
#531=CARTESIAN_POINT('',(1.251484153898E1,4.263015846102E1,3.E0));
#532=LINE('',#531,#530);
#533=DIRECTION('',(0.E0,1.E0,0.E0));
#534=VECTOR('',#533,6.259683077965E0);
#535=CARTESIAN_POINT('',(-1.014841538983E0,4.263015846102E1,3.E0));
#536=LINE('',#535,#534);
#537=DIRECTION('',(1.E0,0.E0,0.E0));
#538=VECTOR('',#537,1.352968307797E1);
#539=CARTESIAN_POINT('',(-1.014841538983E0,4.888984153898E1,3.E0));
#540=LINE('',#539,#538);
#541=DIRECTION('',(-2.292610545851E-14,-1.E0,0.E0));
#542=VECTOR('',#541,8.E0);
#543=CARTESIAN_POINT('',(-2.833268965098E0,5.075888865339E1,3.E0));
#544=LINE('',#543,#542);
#545=DIRECTION('',(-1.E0,-2.157020482192E-14,0.E0));
#546=VECTOR('',#545,9.223462069803E0);
#547=CARTESIAN_POINT('',(-2.833268965098E0,4.275888865339E1,3.E0));
#548=LINE('',#547,#546);
#549=DIRECTION('',(5.843740265151E-14,1.E0,1.077971505222E-14));
#550=VECTOR('',#549,3.130952885592E0);
#551=CARTESIAN_POINT('',(-1.205673103490E1,4.275888865339E1,3.E0));
#552=LINE('',#551,#550);
#553=DIRECTION('',(-1.043129749236E-7,1.E0,0.E0));
#554=VECTOR('',#553,4.389941123498E0);
#555=CARTESIAN_POINT('',(1.638388911132E1,4.149990041549E1,3.E0));
#556=LINE('',#555,#554);
#557=DIRECTION('',(3.585755953476E-13,-1.E0,0.E0));
#558=VECTOR('',#557,3.259683077963E0);
#559=CARTESIAN_POINT('',(1.251484153898E1,4.588984153898E1,3.E0));
#560=LINE('',#559,#558);
#561=DIRECTION('',(-3.487826274180E-2,3.487826274179E-2,9.987827659588E-1));
#562=VECTOR('',#561,2.002437435011E0);
#563=CARTESIAN_POINT('',(1.251484153898E1,4.263015846102E1,3.E0));
#564=LINE('',#563,#562);
#565=DIRECTION('',(-1.E0,0.E0,0.E0));
#566=VECTOR('',#565,1.339E1);
#567=CARTESIAN_POINT('',(1.2445E1,4.27E1,5.E0));
#568=LINE('',#567,#566);
#569=DIRECTION('',(6.253682913156E-13,-1.E0,1.853295088245E-14));
#570=VECTOR('',#569,1.869047114407E0);
#571=CARTESIAN_POINT('',(1.251484153898E1,5.075888865339E1,3.E0));
#572=LINE('',#571,#570);
#573=DIRECTION('',(-3.487826274180E-2,-3.487826274179E-2,9.987827659588E-1));
#574=VECTOR('',#573,2.002437435011E0);
#575=CARTESIAN_POINT('',(1.251484153898E1,4.888984153898E1,3.E0));
#576=LINE('',#575,#574);
#577=DIRECTION('',(0.E0,-1.E0,0.E0));
#578=VECTOR('',#577,6.12E0);
#579=CARTESIAN_POINT('',(1.2445E1,4.882E1,5.E0));
#580=LINE('',#579,#578);
#581=DIRECTION('',(0.E0,1.E0,1.737157537234E-14));
#582=VECTOR('',#581,4.729364036441E0);
#583=CARTESIAN_POINT('',(1.258468307797E1,4.595968307797E1,9.999999999999E-1));
#584=LINE('',#583,#582);
#585=DIRECTION('',(-3.487826274346E-2,3.487826274180E-2,9.987827659587E-1));
#586=VECTOR('',#585,2.002437435012E0);
#587=CARTESIAN_POINT('',(1.258468307797E1,5.068904711441E1,1.E0));
#588=LINE('',#587,#586);
#589=DIRECTION('',(3.487826274229E-2,-3.487826274179E-2,9.987827659587E-1));
#590=VECTOR('',#589,2.002437435011E0);
#591=CARTESIAN_POINT('',(-1.014841538983E0,4.888984153898E1,3.E0));
#592=LINE('',#591,#590);
#593=DIRECTION('',(1.E0,0.E0,0.E0));
#594=VECTOR('',#593,1.339E1);
#595=CARTESIAN_POINT('',(-9.45E-1,4.882E1,5.E0));
#596=LINE('',#595,#594);
#597=DIRECTION('',(3.487826274229E-2,3.487826274179E-2,9.987827659587E-1));
#598=VECTOR('',#597,2.002437435011E0);
#599=CARTESIAN_POINT('',(-1.014841538983E0,4.263015846102E1,3.E0));
#600=LINE('',#599,#598);
#601=DIRECTION('',(0.E0,1.E0,0.E0));
#602=VECTOR('',#601,6.12E0);
#603=CARTESIAN_POINT('',(-9.45E-1,4.27E1,5.E0));
#604=LINE('',#603,#602);
#605=DIRECTION('',(1.E0,5.601263773700E-13,0.E0));
#606=VECTOR('',#605,3.869047114410E0);
#607=CARTESIAN_POINT('',(1.251484153898E1,4.588984153898E1,3.E0));
#608=LINE('',#607,#606);
#609=DIRECTION('',(-3.487826274179E-2,3.487826274346E-2,-9.987827659587E-1));
#610=VECTOR('',#609,2.002437435012E0);
#611=CARTESIAN_POINT('',(1.638388865339E1,4.588984153898E1,3.E0));
#612=LINE('',#611,#610);
#613=DIRECTION('',(-3.487826274345E-2,-3.487826274346E-2,9.987827659586E-1));
#614=VECTOR('',#613,2.002437435012E0);
#615=CARTESIAN_POINT('',(1.258468307797E1,4.595968307797E1,9.999999999999E-1));
#616=LINE('',#615,#614);
#617=DIRECTION('',(9.666940877639E-8,1.E0,0.E0));
#618=VECTOR('',#617,3.331306937148E0);
#619=CARTESIAN_POINT('',(1.6445E1,3.01E1,4.75E0));
#620=LINE('',#619,#618);
#621=DIRECTION('',(1.905779155785E-10,1.E0,0.E0));
#622=VECTOR('',#621,5.337387117657E0);
#623=CARTESIAN_POINT('',(1.644500032204E1,3.343130693715E1,4.75E0));
#624=LINE('',#623,#622);
#625=DIRECTION('',(-2.680660986224E-8,1.E0,0.E0));
#626=VECTOR('',#625,1.205130594520E1);
#627=CARTESIAN_POINT('',(1.644500032305E1,3.876869405480E1,4.75E0));
#628=LINE('',#627,#626);
#629=DIRECTION('',(3.487824328405E-2,3.487826276526E-2,-9.987827666374E-1));
#630=VECTOR('',#629,7.706414295738E-1);
#631=CARTESIAN_POINT('',(1.635071392237E1,3.140571392237E1,7.45E0));
#632=LINE('',#631,#630);
#633=CARTESIAN_POINT('',(1.637759254164E1,3.143259255665E1,6.680296620885E0));
#634=CARTESIAN_POINT('',(1.638370312590E1,3.143870314091E1,6.505312382252E0));
#635=CARTESIAN_POINT('',(1.639540027860E1,3.149462738455E1,6.170350360513E0));
#636=CARTESIAN_POINT('',(1.641191944645E1,3.170480373358E1,5.697303139593E0));
#637=CARTESIAN_POINT('',(1.642593332930E1,3.202673833858E1,5.295997718269E0));
#638=CARTESIAN_POINT('',(1.643668314691E1,3.243909570696E1,4.988164654544E0));
#639=CARTESIAN_POINT('',(1.644344784450E1,3.291929864718E1,4.794443639263E0));
#640=CARTESIAN_POINT('',(1.644500032204E1,3.325638092056E1,4.75E0));
#641=CARTESIAN_POINT('',(1.644500032204E1,3.343130693715E1,4.75E0));
#643=DIRECTION('',(1.105615214904E-12,1.E0,0.E0));
#644=VECTOR('',#643,1.211427844744E0);
#645=CARTESIAN_POINT('',(1.635071392237E1,3.019428607763E1,7.45E0));
#646=LINE('',#645,#644);
#647=DIRECTION('',(-1.E0,-6.162415215515E-13,0.E0));
#648=VECTOR('',#647,3.401427844744E0);
#649=CARTESIAN_POINT('',(1.635071392237E1,3.140571392237E1,7.45E0));
#650=LINE('',#649,#648);
#651=DIRECTION('',(9.999999999999E-1,3.438418243330E-7,0.E0));
#652=VECTOR('',#651,3.590000645862E0);
#653=CARTESIAN_POINT('',(1.285499967617E1,3.343130570275E1,4.75E0));
#654=LINE('',#653,#652);
#655=DIRECTION('',(-1.E0,7.106074968685E-11,-2.052334137538E-9));
#656=VECTOR('',#655,3.455185083522E0);
#657=CARTESIAN_POINT('',(1.637759254164E1,3.143259255665E1,6.680296620885E0));
#658=LINE('',#657,#656);
#659=DIRECTION('',(-9.999999999783E-1,6.590784898251E-6,0.E0));
#660=VECTOR('',#659,3.589999893050E0);
#661=CARTESIAN_POINT('',(1.644500032305E1,3.876869405480E1,4.75E0));
#662=LINE('',#661,#660);
#663=DIRECTION('',(1.E0,-6.691966695592E-11,-1.937491949477E-9));
#664=VECTOR('',#663,3.590000000241E0);
#665=CARTESIAN_POINT('',(1.278759254164E1,4.076740744335E1,6.680296620781E0));
#666=LINE('',#665,#664);
#667=DIRECTION('',(3.487826274294E-2,3.487826274294E-2,9.987827659587E-1));
#668=VECTOR('',#667,2.903534280767E0);
#669=CARTESIAN_POINT('',(-1.6445E1,4.07E1,4.75E0));
#670=LINE('',#669,#668);
#671=DIRECTION('',(1.E0,0.E0,0.E0));
#672=VECTOR('',#671,3.268745953694E1);
#673=CARTESIAN_POINT('',(-1.634372976847E1,4.080127023153E1,7.65E0));
#674=LINE('',#673,#672);
#675=DIRECTION('',(1.E0,-5.650391038638E-14,6.571004642949E-13));
#676=VECTOR('',#675,2.93E1);
#677=CARTESIAN_POINT('',(-1.6445E1,4.07E1,4.75E0));
#678=LINE('',#677,#676);
#679=DIRECTION('',(-1.E0,0.E0,0.E0));
#680=VECTOR('',#679,2.93E1);
#681=CARTESIAN_POINT('',(1.291611134661E1,4.076111134661E1,3.E0));
#682=LINE('',#681,#680);
#683=DIRECTION('',(-3.487826274170E-2,-3.487826274171E-2,9.987827659588E-1));
#684=VECTOR('',#683,1.752132755635E0);
#685=CARTESIAN_POINT('',(-1.638388865339E1,4.076111134661E1,3.E0));
#686=LINE('',#685,#684);
#687=DIRECTION('',(1.965928517913E-13,-1.E0,0.E0));
#688=VECTOR('',#687,1.012E1);
#689=CARTESIAN_POINT('',(-1.6445E1,5.082E1,4.75E0));
#690=LINE('',#689,#688);
#691=DIRECTION('',(-3.602082862E-14,1.E0,0.E0));
#692=VECTOR('',#691,5.128730192371E0);
#693=CARTESIAN_POINT('',(-1.638388865339E1,4.076111134661E1,3.E0));
#694=LINE('',#693,#692);
#695=DIRECTION('',(-1.E0,0.E0,0.E0));
#696=VECTOR('',#695,4.449380311710E0);
#697=CARTESIAN_POINT('',(-1.199561968829E1,5.082E1,4.75E0));
#698=LINE('',#697,#696);
#699=DIRECTION('',(3.487826274192E-2,-3.487826274193E-2,-9.987827659587E-1));
#700=VECTOR('',#699,3.754570190646E0);
#701=CARTESIAN_POINT('',(-1.6445E1,5.082E1,4.75E0));
#702=LINE('',#701,#700);
#703=DIRECTION('',(3.487826274170E-2,3.487826274171E-2,9.987827659588E-1));
#704=VECTOR('',#703,1.752132755635E0);
#705=CARTESIAN_POINT('',(-1.205673103490E1,4.275888865339E1,3.E0));
#706=LINE('',#705,#704);
#707=DIRECTION('',(-6.350475700854E-14,1.E0,0.E0));
#708=VECTOR('',#707,8.000000000002E0);
#709=CARTESIAN_POINT('',(-1.199561968829E1,4.282E1,4.75E0));
#710=LINE('',#709,#708);
#711=DIRECTION('',(-3.487826274303E-2,-3.487826274192E-2,-9.987827659587E-1));
#712=VECTOR('',#711,3.754570190646E0);
#713=CARTESIAN_POINT('',(-1.199561968829E1,5.082E1,4.75E0));
#714=LINE('',#713,#712);
#715=DIRECTION('',(4.589851914593E-13,-1.E0,-1.739505047419E-14));
#716=VECTOR('',#715,4.729364036442E0);
#717=CARTESIAN_POINT('',(-1.212657257389E1,5.068904711441E1,1.E0));
#718=LINE('',#717,#716);
#719=DIRECTION('',(3.487826274345E-2,-3.487826274346E-2,9.987827659586E-1));
#720=VECTOR('',#719,2.002437435012E0);
#721=CARTESIAN_POINT('',(-1.212657257389E1,4.595968307797E1,9.999999999999E-1));
#722=LINE('',#721,#720);
#723=DIRECTION('',(-1.E0,-1.241328684053E-13,0.E0));
#724=VECTOR('',#723,9.101239376583E0);
#725=CARTESIAN_POINT('',(-2.894380311708E0,4.282E1,4.75E0));
#726=LINE('',#725,#724);
#727=DIRECTION('',(-3.487826274228E-2,3.487826274171E-2,9.987827659587E-1));
#728=VECTOR('',#727,1.752132755635E0);
#729=CARTESIAN_POINT('',(-2.833268965098E0,5.075888865339E1,3.E0));
#730=LINE('',#729,#728);
#731=DIRECTION('',(-1.532107773983E-14,-1.E0,0.E0));
#732=VECTOR('',#731,7.999999999999E0);
#733=CARTESIAN_POINT('',(-2.894380311708E0,5.082E1,4.75E0));
#734=LINE('',#733,#732);
#735=DIRECTION('',(3.487826274224E-2,-3.487826274225E-2,-9.987827659587E-1));
#736=VECTOR('',#735,1.752132755635E0);
#737=CARTESIAN_POINT('',(-2.894380311708E0,4.282E1,4.75E0));
#738=LINE('',#737,#736);
#739=DIRECTION('',(1.E0,1.296263575637E-14,0.E0));
#740=VECTOR('',#739,1.534811050408E1);
#741=CARTESIAN_POINT('',(-2.833268965098E0,5.075888865339E1,3.E0));
#742=LINE('',#741,#740);
#743=DIRECTION('',(3.487826274175E-2,3.487826274175E-2,9.987827659588E-1));
#744=VECTOR('',#743,3.754570190646E0);
#745=CARTESIAN_POINT('',(1.631404711441E1,5.068904711441E1,1.E0));
#746=LINE('',#745,#744);
#747=DIRECTION('',(1.E0,0.E0,0.E0));
#748=VECTOR('',#747,1.933938031171E1);
#749=CARTESIAN_POINT('',(-2.894380311708E0,5.082E1,4.75E0));
#750=LINE('',#749,#748);
#751=DIRECTION('',(-3.487826274294E-2,-3.487826274294E-2,9.987827659587E-1));
#752=VECTOR('',#751,2.903534280767E0);
#753=CARTESIAN_POINT('',(1.6445E1,5.082E1,4.75E0));
#754=LINE('',#753,#752);
#755=DIRECTION('',(-1.E0,0.E0,0.E0));
#756=VECTOR('',#755,1.913683984865E1);
#757=CARTESIAN_POINT('',(1.634372976847E1,5.071872976847E1,7.65E0));
#758=LINE('',#757,#756);
#759=CARTESIAN_POINT('',(1.644500032305E1,3.876869405480E1,4.75E0));
#760=CARTESIAN_POINT('',(1.644500032305E1,3.894360473526E1,4.75E0));
#761=CARTESIAN_POINT('',(1.644344809005E1,3.928066488133E1,4.794436594133E0));
#762=CARTESIAN_POINT('',(1.643668414767E1,3.976085056490E1,4.988136000317E0));
#763=CARTESIAN_POINT('',(1.642593498995E1,4.017321240835E1,5.295950162676E0));
#764=CARTESIAN_POINT('',(1.641192130197E1,4.049516533996E1,5.697250004490E0));
#765=CARTESIAN_POINT('',(1.639540161304E1,4.070536372100E1,6.170312147118E0));
#766=CARTESIAN_POINT('',(1.638370365097E1,4.076129633401E1,6.505297346075E0));
#767=CARTESIAN_POINT('',(1.637759254188E1,4.076740744310E1,6.680296613826E0));
#769=DIRECTION('',(-3.487824729796E-2,3.487826276112E-2,9.987827664974E-1));
#770=VECTOR('',#769,9.708851801428E-1);
#771=CARTESIAN_POINT('',(1.637759254188E1,4.076740744310E1,6.680296613826E0));
#772=LINE('',#771,#770);
#773=DIRECTION('',(0.E0,1.E0,0.E0));
#774=VECTOR('',#773,9.917459536943E0);
#775=CARTESIAN_POINT('',(1.634372976847E1,4.080127023153E1,7.65E0));
#776=LINE('',#775,#774);
#777=CARTESIAN_POINT('',(-1.4365E1,4.757E1,7.65E0));
#778=DIRECTION('',(0.E0,0.E0,1.E0));
#779=DIRECTION('',(1.E0,0.E0,0.E0));
#780=AXIS2_PLACEMENT_3D('',#777,#778,#779);
#782=CARTESIAN_POINT('',(-1.4365E1,4.757E1,7.65E0));
#783=DIRECTION('',(0.E0,0.E0,1.E0));
#784=DIRECTION('',(-1.E0,0.E0,0.E0));
#785=AXIS2_PLACEMENT_3D('',#782,#783,#784);
#787=CARTESIAN_POINT('',(1.4285E1,4.755E1,7.65E0));
#788=DIRECTION('',(0.E0,0.E0,1.E0));
#789=DIRECTION('',(1.E0,0.E0,0.E0));
#790=AXIS2_PLACEMENT_3D('',#787,#788,#789);
#792=CARTESIAN_POINT('',(1.4285E1,4.755E1,7.65E0));
#793=DIRECTION('',(0.E0,0.E0,1.E0));
#794=DIRECTION('',(-1.E0,0.E0,0.E0));
#795=AXIS2_PLACEMENT_3D('',#792,#793,#794);
#797=DIRECTION('',(1.321862058115E-13,-1.E0,0.E0));
#798=VECTOR('',#797,9.917459536944E0);
#799=CARTESIAN_POINT('',(-1.634372976847E1,5.071872976847E1,7.65E0));
#800=LINE('',#799,#798);
#801=DIRECTION('',(-1.E0,0.E0,0.E0));
#802=VECTOR('',#801,4.246839848655E0);
#803=CARTESIAN_POINT('',(-1.209688991982E1,5.071872976847E1,7.65E0));
#804=LINE('',#803,#802);
#805=DIRECTION('',(-3.487826274317E-2,3.487826274317E-2,-9.987827659587E-1));
#806=VECTOR('',#805,2.903534280767E0);
#807=CARTESIAN_POINT('',(-1.634372976847E1,5.071872976847E1,7.65E0));
#808=LINE('',#807,#806);
#809=DIRECTION('',(-3.487826274294E-2,-3.487826274294E-2,9.987827659587E-1));
#810=VECTOR('',#809,2.903534280767E0);
#811=CARTESIAN_POINT('',(-1.199561968829E1,4.282E1,4.75E0));
#812=LINE('',#811,#810);
#813=DIRECTION('',(1.638689184346E-13,1.E0,0.E0));
#814=VECTOR('',#813,8.000000000001E0);
#815=CARTESIAN_POINT('',(-1.209688991982E1,4.271872976847E1,7.65E0));
#816=LINE('',#815,#814);
#817=DIRECTION('',(3.487826274231E-2,3.487826274317E-2,-9.987827659587E-1));
#818=VECTOR('',#817,2.903534280767E0);
#819=CARTESIAN_POINT('',(-1.209688991982E1,5.071872976847E1,7.65E0));
#820=LINE('',#819,#818);
#821=DIRECTION('',(-1.E0,-1.405233847246E-13,0.E0));
#822=VECTOR('',#821,9.303779839637E0);
#823=CARTESIAN_POINT('',(-2.793110080182E0,4.271872976847E1,7.65E0));
#824=LINE('',#823,#822);
#825=DIRECTION('',(3.487826274236E-2,-3.487826274294E-2,9.987827659587E-1));
#826=VECTOR('',#825,2.903534280767E0);
#827=CARTESIAN_POINT('',(-2.894380311708E0,5.082E1,4.75E0));
#828=LINE('',#827,#826);
#829=DIRECTION('',(0.E0,-1.E0,0.E0));
#830=VECTOR('',#829,7.999999999999E0);
#831=CARTESIAN_POINT('',(-2.793110080182E0,5.071872976847E1,7.65E0));
#832=LINE('',#831,#830);
#833=DIRECTION('',(-3.487826274241E-2,3.487826274287E-2,-9.987827659587E-1));
#834=VECTOR('',#833,2.903534280767E0);
#835=CARTESIAN_POINT('',(-2.793110080182E0,4.271872976847E1,7.65E0));
#836=LINE('',#835,#834);
#837=DIRECTION('',(0.E0,0.E0,-1.E0));
#838=VECTOR('',#837,6.65E0);
#839=CARTESIAN_POINT('',(-1.3365E1,4.757E1,7.65E0));
#840=LINE('',#839,#838);
#841=DIRECTION('',(1.E0,0.E0,-2.775905848583E-14));
#842=VECTOR('',#841,4.187474540522E0);
#843=CARTESIAN_POINT('',(-1.631404711441E1,4.595968307797E1,1.E0));
#844=LINE('',#843,#842);
#845=DIRECTION('',(-1.E0,0.E0,2.778557143568E-14));
#846=VECTOR('',#845,4.187474540521E0);
#847=CARTESIAN_POINT('',(-1.212657257389E1,5.068904711441E1,1.E0));
#848=LINE('',#847,#846);
#849=DIRECTION('',(2.478970755836E-13,-1.E0,-1.741852557604E-14));
#850=VECTOR('',#849,4.729364036442E0);
#851=CARTESIAN_POINT('',(-1.631404711441E1,5.068904711441E1,1.E0));
#852=LINE('',#851,#850);
#853=CARTESIAN_POINT('',(-1.4365E1,4.757E1,1.E0));
#854=DIRECTION('',(0.E0,0.E0,-1.E0));
#855=DIRECTION('',(-1.E0,0.E0,0.E0));
#856=AXIS2_PLACEMENT_3D('',#853,#854,#855);
#858=CARTESIAN_POINT('',(-1.4365E1,4.757E1,1.E0));
#859=DIRECTION('',(0.E0,0.E0,-1.E0));
#860=DIRECTION('',(1.E0,0.E0,0.E0));
#861=AXIS2_PLACEMENT_3D('',#858,#859,#860);
#863=DIRECTION('',(-3.487826274180E-2,-3.487826274346E-2,9.987827659587E-1));
#864=VECTOR('',#863,2.002437435012E0);
#865=CARTESIAN_POINT('',(-1.631404711441E1,4.595968307797E1,1.E0));
#866=LINE('',#865,#864);
#867=DIRECTION('',(1.E0,0.E0,0.E0));
#868=VECTOR('',#867,4.327157618490E0);
#869=CARTESIAN_POINT('',(-1.638388865339E1,4.588984153898E1,3.E0));
#870=LINE('',#869,#868);
#871=DIRECTION('',(0.E0,0.E0,-1.E0));
#872=VECTOR('',#871,6.65E0);
#873=CARTESIAN_POINT('',(-1.5365E1,4.757E1,7.65E0));
#874=LINE('',#873,#872);
#875=DIRECTION('',(0.E0,0.E0,-1.E0));
#876=VECTOR('',#875,6.65E0);
#877=CARTESIAN_POINT('',(1.5285E1,4.755E1,7.65E0));
#878=LINE('',#877,#876);
#879=DIRECTION('',(1.E0,5.792006078258E-13,2.202962838153E-14));
#880=VECTOR('',#879,3.729364036442E0);
#881=CARTESIAN_POINT('',(1.258468307797E1,4.595968307797E1,9.999999999999E-1));
#882=LINE('',#881,#880);
#883=DIRECTION('',(-2.847060352917E-13,1.E0,1.741852557606E-14));
#884=VECTOR('',#883,4.729364036438E0);
#885=CARTESIAN_POINT('',(1.631404711441E1,4.595968307797E1,1.E0));
#886=LINE('',#885,#884);
#887=DIRECTION('',(-1.E0,5.144215924770E-14,-2.208916791771E-14));
#888=VECTOR('',#887,3.729364036440E0);
#889=CARTESIAN_POINT('',(1.631404711441E1,5.068904711441E1,1.E0));
#890=LINE('',#889,#888);
#891=CARTESIAN_POINT('',(1.4285E1,4.755E1,1.E0));
#892=DIRECTION('',(0.E0,0.E0,-1.E0));
#893=DIRECTION('',(-1.E0,0.E0,0.E0));
#894=AXIS2_PLACEMENT_3D('',#891,#892,#893);
#896=CARTESIAN_POINT('',(1.4285E1,4.755E1,1.E0));
#897=DIRECTION('',(0.E0,0.E0,-1.E0));
#898=DIRECTION('',(1.E0,0.E0,0.E0));
#899=AXIS2_PLACEMENT_3D('',#896,#897,#898);
#901=DIRECTION('',(0.E0,0.E0,-1.E0));
#902=VECTOR('',#901,6.65E0);
#903=CARTESIAN_POINT('',(1.3285E1,4.755E1,7.65E0));
#904=LINE('',#903,#902);
#905=CARTESIAN_POINT('',(1.285499967617E1,3.343130570275E1,4.75E0));
#906=CARTESIAN_POINT('',(1.285499967617E1,3.325639505500E1,4.75E0));
#907=CARTESIAN_POINT('',(1.285655191549E1,3.291933452404E1,4.794436742385E0));
#908=CARTESIAN_POINT('',(1.286331585866E1,3.243914915288E1,4.988136184289E0));
#909=CARTESIAN_POINT('',(1.287406501713E1,3.202678738509E1,5.295950364581E0));
#910=CARTESIAN_POINT('',(1.288807870375E1,3.170483457205E1,5.697250168550E0));
#911=CARTESIAN_POINT('',(1.290459839017E1,3.149463625882E1,6.170312238974E0));
#912=CARTESIAN_POINT('',(1.291629635018E1,3.143870366483E1,6.505297379196E0));
#913=CARTESIAN_POINT('',(1.292240745812E1,3.143259255690E1,6.680296613794E0));
#915=DIRECTION('',(3.487824328418E-2,-3.487826276527E-2,9.987827666374E-1));
#916=VECTOR('',#915,7.706414366736E-1);
#917=CARTESIAN_POINT('',(1.292240745812E1,3.143259255690E1,6.680296613794E0));
#918=LINE('',#917,#916);
#919=DIRECTION('',(-2.796938418115E-13,1.E0,-1.196059191957E-14));
#920=VECTOR('',#919,9.653635483717E-1);
#921=CARTESIAN_POINT('',(1.292484153898E1,1.775896862904E1,6.75E0));
#922=LINE('',#921,#920);
#923=CARTESIAN_POINT('',(1.3295E1,1.683E1,4.E0));
#924=DIRECTION('',(0.E0,0.E0,1.E0));
#925=DIRECTION('',(-1.E0,0.E0,0.E0));
#926=AXIS2_PLACEMENT_3D('',#923,#924,#925);
#928=DIRECTION('',(-3.358929296320E-14,1.614869854E-14,1.E0));
#929=VECTOR('',#928,2.75E0);
#930=CARTESIAN_POINT('',(1.2855E1,1.593200222717E1,4.E0));
#931=LINE('',#930,#929);
#932=CARTESIAN_POINT('',(1.292484153898E1,1.775896862904E1,6.750000000014E0));
#933=CARTESIAN_POINT('',(1.293298966112E1,1.776221534400E1,6.983331689178E0));
#934=CARTESIAN_POINT('',(1.294113784124E1,1.776533789550E1,7.216665038897E0));
#935=CARTESIAN_POINT('',(1.294928607763E1,1.776833996178E1,7.449999999977E0));
#937=DIRECTION('',(0.E0,0.E0,-1.E0));
#938=VECTOR('',#937,6.45E0);
#939=CARTESIAN_POINT('',(1.4295E1,1.683E1,7.45E0));
#940=LINE('',#939,#938);
#941=DIRECTION('',(0.E0,0.E0,-1.E0));
#942=VECTOR('',#941,3.E0);
#943=CARTESIAN_POINT('',(1.2295E1,1.683E1,4.E0));
#944=LINE('',#943,#942);
#945=CARTESIAN_POINT('',(1.294928607763E1,1.589166003822E1,7.449999999977E0));
#946=CARTESIAN_POINT('',(1.294113784124E1,1.589466210450E1,7.216665038897E0));
#947=CARTESIAN_POINT('',(1.293298966112E1,1.589778465600E1,6.983331689178E0));
#948=CARTESIAN_POINT('',(1.292484153898E1,1.590103137096E1,6.750000000013E0));
#950=CARTESIAN_POINT('',(1.3295E1,1.683E1,1.E0));
#951=DIRECTION('',(0.E0,0.E0,1.E0));
#952=DIRECTION('',(-1.653500931186E-1,9.862349348435E-1,0.E0));
#953=AXIS2_PLACEMENT_3D('',#950,#951,#952);
#955=CARTESIAN_POINT('',(1.3295E1,1.683E1,1.E0));
#956=DIRECTION('',(0.E0,0.E0,1.E0));
#957=DIRECTION('',(-1.E0,0.E0,0.E0));
#958=AXIS2_PLACEMENT_3D('',#955,#956,#957);
#960=CARTESIAN_POINT('',(1.3295E1,1.683E1,1.E0));
#961=DIRECTION('',(0.E0,0.E0,-1.E0));
#962=DIRECTION('',(-1.E0,0.E0,0.E0));
#963=AXIS2_PLACEMENT_3D('',#960,#961,#962);
#965=CARTESIAN_POINT('',(1.3295E1,1.683E1,1.E0));
#966=DIRECTION('',(0.E0,0.E0,-1.E0));
#967=DIRECTION('',(1.E0,0.E0,0.E0));
#968=AXIS2_PLACEMENT_3D('',#965,#966,#967);
#970=CARTESIAN_POINT('',(1.2855E1,1.487900025628E1,4.75E0));
#971=CARTESIAN_POINT('',(1.286949522596E1,1.489059049486E1,4.334911037932E0));
#972=CARTESIAN_POINT('',(1.289852238298E1,1.491404620872E1,3.503682017577E0));
#973=CARTESIAN_POINT('',(1.294217339988E1,1.494990763218E1,2.253680441435E0));
#974=CARTESIAN_POINT('',(1.297134750321E1,1.497431991643E1,1.418243429152E0));
#975=CARTESIAN_POINT('',(1.298595288559E1,1.498668044090E1,1.E0));
#977=CARTESIAN_POINT('',(1.298595288559E1,1.867331955910E1,1.E0));
#978=CARTESIAN_POINT('',(1.297134750321E1,1.868568008357E1,1.418243429160E0));
#979=CARTESIAN_POINT('',(1.294217339988E1,1.871009236782E1,2.253680441454E0));
#980=CARTESIAN_POINT('',(1.289852238298E1,1.874595379128E1,3.503682017596E0));
#981=CARTESIAN_POINT('',(1.286949522596E1,1.876940950514E1,4.334911037940E0));
#982=CARTESIAN_POINT('',(1.2855E1,1.878099974372E1,4.75E0));
#984=CARTESIAN_POINT('',(1.3295E1,1.683E1,4.75E0));
#985=DIRECTION('',(0.E0,0.E0,-1.E0));
#986=DIRECTION('',(-2.200000000001E-1,-9.754998718605E-1,0.E0));
#987=AXIS2_PLACEMENT_3D('',#984,#985,#986);
#989=CARTESIAN_POINT('',(1.3295E1,1.683E1,4.75E0));
#990=DIRECTION('',(0.E0,0.E0,-1.E0));
#991=DIRECTION('',(-1.E0,0.E0,0.E0));
#992=AXIS2_PLACEMENT_3D('',#989,#990,#991);
#994=CARTESIAN_POINT('',(1.2855E1,1.878099974372E1,4.75E0));
#995=CARTESIAN_POINT('',(1.286274513974E1,1.877480680698E1,4.971791783313E0));
#996=CARTESIAN_POINT('',(1.287824543098E1,1.876234258621E1,5.415662049306E0));
#997=CARTESIAN_POINT('',(1.290152595174E1,1.874345800480E1,6.082328938103E0));
#998=CARTESIAN_POINT('',(1.291706634133E1,1.873073512431E1,6.527347470718E0));
#999=CARTESIAN_POINT('',(1.292484153898E1,1.872433217741E1,6.75E0));
#1001=CARTESIAN_POINT('',(1.292484153898E1,1.493566782259E1,6.75E0));
#1002=CARTESIAN_POINT('',(1.291706634133E1,1.492926487569E1,6.527347470718E0));
#1003=CARTESIAN_POINT('',(1.290152595174E1,1.491654199520E1,6.082328938103E0));
#1004=CARTESIAN_POINT('',(1.287824543098E1,1.489765741379E1,5.415662049306E0));
#1005=CARTESIAN_POINT('',(1.286274513974E1,1.488519319302E1,4.971791783313E0));
#1006=CARTESIAN_POINT('',(1.2855E1,1.487900025628E1,4.75E0));
#1008=CARTESIAN_POINT('',(1.3295E1,1.683E1,6.75E0));
#1009=DIRECTION('',(0.E0,0.E0,1.E0));
#1010=DIRECTION('',(-3.701584610202E-1,9.289686290371E-1,0.E0));
#1011=AXIS2_PLACEMENT_3D('',#1008,#1009,#1010);
#1013=CARTESIAN_POINT('',(1.3295E1,1.683E1,6.75E0));
#1014=DIRECTION('',(0.E0,0.E0,1.E0));
#1015=DIRECTION('',(-1.E0,0.E0,0.E0));
#1016=AXIS2_PLACEMENT_3D('',#1013,#1014,#1015);
#1018=CARTESIAN_POINT('',(1.3295E1,1.683E1,6.75E0));
#1019=DIRECTION('',(0.E0,0.E0,1.E0));
#1020=DIRECTION('',(-4.399999999983E-1,-8.979977728266E-1,0.E0));
#1021=AXIS2_PLACEMENT_3D('',#1018,#1019,#1020);
#1023=CARTESIAN_POINT('',(1.3295E1,1.683E1,6.75E0));
#1024=DIRECTION('',(0.E0,0.E0,-1.E0));
#1025=DIRECTION('',(-1.917762030922E-1,-9.814386827141E-1,0.E0));
#1026=AXIS2_PLACEMENT_3D('',#1023,#1024,#1025);
#1028=CARTESIAN_POINT('',(1.3295E1,1.683E1,6.75E0));
#1029=DIRECTION('',(0.E0,0.E0,-1.E0));
#1030=DIRECTION('',(-1.E0,0.E0,0.E0));
#1031=AXIS2_PLACEMENT_3D('',#1028,#1029,#1030);
#1033=DIRECTION('',(2.796938418116E-13,1.E0,1.104054638730E-14));
#1034=VECTOR('',#1033,9.653635483713E-1);
#1035=CARTESIAN_POINT('',(1.292484153898E1,1.493566782259E1,6.75E0));
#1036=LINE('',#1035,#1034);
#1037=DIRECTION('',(3.487826274272E-2,3.487826274273E-2,9.987827659587E-1));
#1038=VECTOR('',#1037,2.703290537266E0);
#1039=CARTESIAN_POINT('',(1.2855E1,1.41E1,4.75E0));
#1040=LINE('',#1039,#1038);
#1041=DIRECTION('',(-3.487826274271E-2,-3.487826274271E-2,-9.987827659587E-1));
#1042=VECTOR('',#1041,2.703290537266E0);
#1043=CARTESIAN_POINT('',(1.453928607763E1,1.419428607763E1,7.45E0));
#1044=LINE('',#1043,#1042);
#1045=DIRECTION('',(-3.487828102031E-2,3.486643885446E-2,-9.987831781496E-1));
#1046=VECTOR('',#1045,2.703289274296E0);
#1047=CARTESIAN_POINT('',(1.453928607249E1,-5.995472405652E0,7.449999852839E0));
#1048=LINE('',#1047,#1046);
#1049=DIRECTION('',(5.248864454534E-10,1.E0,0.E0));
#1050=VECTOR('',#1049,2.000121833546E1);
#1051=CARTESIAN_POINT('',(1.444499998950E1,-5.901218335464E0,4.75E0));
#1052=LINE('',#1051,#1050);
#1053=DIRECTION('',(-3.487826274186E-2,-3.487826274186E-2,9.987827659588E-1));
#1054=VECTOR('',#1053,3.754570190646E0);
#1055=CARTESIAN_POINT('',(1.298595288559E1,1.423095288559E1,1.E0));
#1056=LINE('',#1055,#1054);
#1057=DIRECTION('',(1.E0,-4.457650181893E-13,0.E0));
#1058=VECTOR('',#1057,1.589999999999E0);
#1059=CARTESIAN_POINT('',(1.2855E1,1.41E1,4.75E0));
#1060=LINE('',#1059,#1058);
#1061=DIRECTION('',(3.487826274224E-2,3.487826274224E-2,-9.987827659587E-1));
#1062=VECTOR('',#1061,1.752132755635E0);
#1063=CARTESIAN_POINT('',(1.4445E1,1.41E1,4.75E0));
#1064=LINE('',#1063,#1062);
#1065=DIRECTION('',(1.E0,0.E0,0.E0));
#1066=VECTOR('',#1065,1.877777306780E0);
#1067=CARTESIAN_POINT('',(1.450611134661E1,1.416111134661E1,3.E0));
#1068=LINE('',#1067,#1066);
#1069=DIRECTION('',(-1.E0,5.497583357890E-14,0.E0));
#1070=VECTOR('',#1069,3.328094228815E0);
#1071=CARTESIAN_POINT('',(1.631404711441E1,1.423095288559E1,1.E0));
#1072=LINE('',#1071,#1070);
#1073=DIRECTION('',(8.801970660238E-13,-1.E0,0.E0));
#1074=VECTOR('',#1073,7.790002562789E-1);
#1075=CARTESIAN_POINT('',(1.2855E1,1.487900025628E1,4.75E0));
#1076=LINE('',#1075,#1074);
#1077=DIRECTION('',(-1.457325768644E-12,1.E0,-5.993839854908E-14));
#1078=VECTOR('',#1077,7.557275553103E-1);
#1079=CARTESIAN_POINT('',(1.298595288559E1,1.423095288559E1,1.E0));
#1080=LINE('',#1079,#1078);
#1081=DIRECTION('',(3.487826274302E-2,-3.487826274303E-2,-9.987827659587E-1));
#1082=VECTOR('',#1081,2.703290537266E0);
#1083=CARTESIAN_POINT('',(1.635071392237E1,3.019428607763E1,7.45E0));
#1084=LINE('',#1083,#1082);
#1085=DIRECTION('',(-1.E0,6.773840747575E-13,0.E0));
#1086=VECTOR('',#1085,1.500000000001E0);
#1087=CARTESIAN_POINT('',(1.6445E1,3.01E1,4.75E0));
#1088=LINE('',#1087,#1086);
#1089=DIRECTION('',(1.E0,4.547473508867E-13,0.E0));
#1090=VECTOR('',#1089,1.499999999999E0);
#1091=CARTESIAN_POINT('',(1.4945E1,2.35E1,4.75E0));
#1092=LINE('',#1091,#1090);
#1093=DIRECTION('',(-1.E0,-5.532262359528E-14,0.E0));
#1094=VECTOR('',#1093,3.467777306779E0);
#1095=CARTESIAN_POINT('',(1.638388865339E1,2.356111134661E1,3.E0));
#1096=LINE('',#1095,#1094);
#1097=DIRECTION('',(1.E0,1.731690351363E-14,0.E0));
#1098=VECTOR('',#1097,2.051587153560E0);
#1099=CARTESIAN_POINT('',(1.287420642322E1,2.351920642322E1,4.2E0));
#1100=LINE('',#1099,#1098);
#1101=DIRECTION('',(3.487826274194E-2,-3.487826274194E-2,9.987827659587E-1));
#1102=VECTOR('',#1101,1.752132755635E0);
#1103=CARTESIAN_POINT('',(1.638388865339E1,2.356111134661E1,3.E0));
#1104=LINE('',#1103,#1102);
#1105=DIRECTION('',(0.E0,1.E0,0.E0));
#1106=VECTOR('',#1105,4.599999999999E0);
#1107=CARTESIAN_POINT('',(1.6445E1,2.35E1,4.75E0));
#1108=LINE('',#1107,#1106);
#1109=DIRECTION('',(-3.487826274203E-2,-3.487826274203E-2,-9.987827659587E-1));
#1110=VECTOR('',#1109,5.506702946281E-1);
#1111=CARTESIAN_POINT('',(1.4945E1,2.81E1,4.75E0));
#1112=LINE('',#1111,#1110);
#1113=DIRECTION('',(-1.E0,1.904859386500E-14,0.E0));
#1114=VECTOR('',#1113,2.051587153560E0);
#1115=CARTESIAN_POINT('',(1.492579357678E1,2.808079357678E1,4.2E0));
#1116=LINE('',#1115,#1114);
#1117=DIRECTION('',(3.487826274235E-2,-3.487826274235E-2,-9.987827659587E-1));
#1118=VECTOR('',#1117,1.201462461007E0);
#1119=CARTESIAN_POINT('',(1.287420642322E1,2.808079357678E1,4.2E0));
#1120=LINE('',#1119,#1118);
#1121=DIRECTION('',(1.E0,-5.327363753620E-14,0.E0));
#1122=VECTOR('',#1121,3.467777306779E0);
#1123=CARTESIAN_POINT('',(1.291611134661E1,2.803888865339E1,3.E0));
#1124=LINE('',#1123,#1122);
#1125=DIRECTION('',(3.487826274194E-2,3.487826274194E-2,9.987827659587E-1));
#1126=VECTOR('',#1125,1.752132755635E0);
#1127=CARTESIAN_POINT('',(1.638388865339E1,2.803888865339E1,3.E0));
#1128=LINE('',#1127,#1126);
#1129=DIRECTION('',(-1.E0,4.547473508867E-13,0.E0));
#1130=VECTOR('',#1129,1.499999999999E0);
#1131=CARTESIAN_POINT('',(1.6445E1,2.81E1,4.75E0));
#1132=LINE('',#1131,#1130);
#1133=DIRECTION('',(0.E0,1.E0,0.E0));
#1134=VECTOR('',#1133,4.477777306779E0);
#1135=CARTESIAN_POINT('',(1.638388865339E1,2.356111134661E1,3.E0));
#1136=LINE('',#1135,#1134);
#1137=DIRECTION('',(-3.486002016393E-2,3.487829094E-2,9.987834018521E-1));
#1138=VECTOR('',#1137,1.752131492768E0);
#1139=CARTESIAN_POINT('',(1.250729767463E1,-7.961111341472E0,3.000000147161E0));
#1140=LINE('',#1139,#1138);
#1141=DIRECTION('',(1.E0,-4.016983508724E-14,0.E0));
#1142=VECTOR('',#1141,3.537693068527E0);
#1143=CARTESIAN_POINT('',(-7.838886533894E-1,-7.961111346611E0,3.E0));
#1144=LINE('',#1143,#1142);
#1145=DIRECTION('',(3.487826274262E-2,-3.487826274262E-2,-9.987827659587E-1));
#1146=VECTOR('',#1145,1.201462461007E0);
#1147=CARTESIAN_POINT('',(4.773010838358E0,-7.919206423220E0,4.2E0));
#1148=LINE('',#1147,#1146);
#1149=DIRECTION('',(1.E0,6.680601339393E-10,1.913074371742E-8));
#1150=VECTOR('',#1149,7.692381912882E0);
#1151=CARTESIAN_POINT('',(4.814915761749E0,-7.961111346611E0,3.E0));
#1152=LINE('',#1151,#1150);
#1153=DIRECTION('',(-3.487826274238E-2,3.487826274246E-2,9.987827659587E-1));
#1154=VECTOR('',#1153,1.752132755635E0);
#1155=CARTESIAN_POINT('',(-7.838886533894E-1,-7.961111346611E0,3.E0));
#1156=LINE('',#1155,#1154);
#1157=DIRECTION('',(-4.040246398310E-14,-1.E0,0.E0));
#1158=VECTOR('',#1157,2.3E0);
#1159=CARTESIAN_POINT('',(-8.45E-1,-7.9E0,4.75E0));
#1160=LINE('',#1159,#1158);
#1161=DIRECTION('',(4.036473813365E-14,1.E0,0.E0));
#1162=VECTOR('',#1161,2.238888653390E0);
#1163=CARTESIAN_POINT('',(-7.838886533895E-1,-1.02E1,3.E0));
#1164=LINE('',#1163,#1162);
#1165=DIRECTION('',(0.E0,1.E0,0.E0));
#1166=VECTOR('',#1165,3.537777730678E1);
#1167=CARTESIAN_POINT('',(-7.735E0,-4.757777730678E1,4.75E0));
#1168=LINE('',#1167,#1166);
#1169=CARTESIAN_POINT('',(-6.735E0,-1.22E1,4.75E0));
#1170=DIRECTION('',(0.E0,0.E0,-1.E0));
#1171=DIRECTION('',(-1.E0,0.E0,0.E0));
#1172=AXIS2_PLACEMENT_3D('',#1169,#1170,#1171);
#1174=CARTESIAN_POINT('',(-1.845E0,-1.02E1,4.75E0));
#1175=DIRECTION('',(0.E0,0.E0,1.E0));
#1176=DIRECTION('',(0.E0,-1.E0,0.E0));
#1177=AXIS2_PLACEMENT_3D('',#1174,#1175,#1176);
#1179=DIRECTION('',(-1.E0,-4.304249264700E-14,0.E0));
#1180=VECTOR('',#1179,2.6E0);
#1181=CARTESIAN_POINT('',(-8.45E-1,-7.9E0,4.75E0));
#1182=LINE('',#1181,#1180);
#1183=CARTESIAN_POINT('',(-4.445E0,-8.2E0,4.75E0));
#1184=DIRECTION('',(0.E0,0.E0,-1.E0));
#1185=DIRECTION('',(1.E0,0.E0,0.E0));
#1186=AXIS2_PLACEMENT_3D('',#1183,#1184,#1185);
#1188=DIRECTION('',(-1.E0,-2.318787482667E-14,0.E0));
#1189=VECTOR('',#1188,4.29E0);
#1190=CARTESIAN_POINT('',(-4.445E0,-9.2E0,4.75E0));
#1191=LINE('',#1190,#1189);
#1192=CARTESIAN_POINT('',(-8.735E0,-1.02E1,4.75E0));
#1193=DIRECTION('',(0.E0,0.E0,1.E0));
#1194=DIRECTION('',(0.E0,1.E0,0.E0));
#1195=AXIS2_PLACEMENT_3D('',#1192,#1193,#1194);
#1197=DIRECTION('',(0.E0,-1.E0,0.E0));
#1198=VECTOR('',#1197,2.09E1);
#1199=CARTESIAN_POINT('',(-9.735E0,-1.02E1,4.75E0));
#1200=LINE('',#1199,#1198);
#1201=DIRECTION('',(1.E0,2.608588170492E-13,0.E0));
#1202=VECTOR('',#1201,5.148094228816E0);
#1203=CARTESIAN_POINT('',(-1.631404711441E1,-4.473095288559E1,1.E0));
#1204=LINE('',#1203,#1202);
#1205=DIRECTION('',(-1.E0,-3.617308472885E-12,0.E0));
#1206=VECTOR('',#1205,1.100000000023E-1);
#1207=CARTESIAN_POINT('',(-1.1035E1,-4.46E1,4.75E0));
#1208=LINE('',#1207,#1206);
#1209=DIRECTION('',(3.487826274192E-2,3.487826274192E-2,-9.987827659587E-1));
#1210=VECTOR('',#1209,3.754570190646E0);
#1211=CARTESIAN_POINT('',(-1.6445E1,-5.42E1,4.75E0));
#1212=LINE('',#1211,#1210);
#1213=DIRECTION('',(-3.487826274173E-2,3.487826274173E-2,9.987827659588E-1));
#1214=VECTOR('',#1213,3.754570190646E0);
#1215=CARTESIAN_POINT('',(-1.631404711441E1,-4.473095288559E1,1.E0));
#1216=LINE('',#1215,#1214);
#1217=DIRECTION('',(-1.E0,-4.071823536311E-13,0.E0));
#1218=VECTOR('',#1217,3.298094228816E0);
#1219=CARTESIAN_POINT('',(-1.301595288559E1,-5.406904711441E1,1.E0));
#1220=LINE('',#1219,#1218);
#1221=DIRECTION('',(-1.E0,-2.973900776074E-13,3.719870853294E-13));
#1222=VECTOR('',#1221,3.560000000001E0);
#1223=CARTESIAN_POINT('',(-1.2885E1,-5.42E1,4.749999999999E0));
#1224=LINE('',#1223,#1222);
#1225=DIRECTION('',(-1.E0,-3.210646409118E-13,-7.430930053808E-13));
#1226=VECTOR('',#1225,3.518802153517E0);
#1227=CARTESIAN_POINT('',(-3.166197846483E0,-5.42E1,4.75E0));
#1228=LINE('',#1227,#1226);
#1229=DIRECTION('',(-1.E0,1.521556628972E-14,0.E0));
#1230=VECTOR('',#1229,6.070793152880E0);
#1231=CARTESIAN_POINT('',(-6.749603423560E0,-5.413539657644E1,6.6E0));
#1232=LINE('',#1231,#1230);
#1233=DIRECTION('',(-3.487826274288E-2,-3.487826274288E-2,-9.987827659587E-1));
#1234=VECTOR('',#1233,4.755788908152E0);
#1235=CARTESIAN_POINT('',(-1.627912634491E1,-5.403412634491E1,9.5E0));
#1236=LINE('',#1235,#1234);
#1237=DIRECTION('',(2.146431180942E-13,1.E0,0.E0));
#1238=VECTOR('',#1237,9.6E0);
#1239=CARTESIAN_POINT('',(-1.6445E1,-5.42E1,4.75E0));
#1240=LINE('',#1239,#1238);
#1241=DIRECTION('',(3.487826274274E-2,-3.487826274274E-2,9.987827659587E-1));
#1242=VECTOR('',#1241,4.755788908152E0);
#1243=CARTESIAN_POINT('',(-1.6445E1,-4.46E1,4.75E0));
#1244=LINE('',#1243,#1242);
#1245=DIRECTION('',(-1.506450592679E-13,-1.E0,0.E0));
#1246=VECTOR('',#1245,9.268252689824E0);
#1247=CARTESIAN_POINT('',(-1.627912634491E1,-4.476587365509E1,9.5E0));
#1248=LINE('',#1247,#1246);
#1249=DIRECTION('',(-1.E0,-1.070172600253E-13,0.E0));
#1250=VECTOR('',#1249,1.294705484334E1);
#1251=CARTESIAN_POINT('',(-3.332071501569E0,-5.403412634491E1,9.5E0));
#1252=LINE('',#1251,#1250);
#1253=CARTESIAN_POINT('',(1.4445E1,-4.8E1,9.5E0));
#1254=DIRECTION('',(0.E0,0.E0,-1.E0));
#1255=DIRECTION('',(1.E0,-1.651878690736E-11,0.E0));
#1256=AXIS2_PLACEMENT_3D('',#1253,#1254,#1255);
#1258=CARTESIAN_POINT('',(1.4365E1,-4.768E1,9.5E0));
#1259=DIRECTION('',(0.E0,0.E0,1.E0));
#1260=DIRECTION('',(0.E0,-1.E0,0.E0));
#1261=AXIS2_PLACEMENT_3D('',#1258,#1259,#1260);
#1263=CARTESIAN_POINT('',(1.4365E1,-4.768E1,9.5E0));
#1264=DIRECTION('',(0.E0,0.E0,1.E0));
#1265=DIRECTION('',(0.E0,1.E0,0.E0));
#1266=AXIS2_PLACEMENT_3D('',#1263,#1264,#1265);
#1268=CARTESIAN_POINT('',(-1.4285E1,-4.768E1,9.5E0));
#1269=DIRECTION('',(0.E0,0.E0,1.E0));
#1270=DIRECTION('',(0.E0,-1.E0,0.E0));
#1271=AXIS2_PLACEMENT_3D('',#1268,#1269,#1270);
#1273=CARTESIAN_POINT('',(-1.4285E1,-4.768E1,9.5E0));
#1274=DIRECTION('',(0.E0,0.E0,1.E0));
#1275=DIRECTION('',(0.E0,1.E0,0.E0));
#1276=AXIS2_PLACEMENT_3D('',#1273,#1274,#1275);
#1278=DIRECTION('',(3.487826274288E-2,3.487826274288E-2,-9.987827659587E-1));
#1279=VECTOR('',#1278,4.755788908152E0);
#1280=CARTESIAN_POINT('',(1.627912634491E1,-4.476587365509E1,9.5E0));
#1281=LINE('',#1280,#1279);
#1282=DIRECTION('',(-3.019806626980E-13,-1.E0,0.E0));
#1283=VECTOR('',#1282,3.400000000001E0);
#1284=CARTESIAN_POINT('',(1.6445E1,-4.46E1,4.75E0));
#1285=LINE('',#1284,#1283);
#1286=DIRECTION('',(0.E0,1.E0,1.592836607125E-14));
#1287=VECTOR('',#1286,3.234126344923E0);
#1288=CARTESIAN_POINT('',(1.627912634491E1,-4.800000000001E1,9.5E0));
#1289=LINE('',#1288,#1287);
#1290=DIRECTION('',(-3.487826274192E-2,-3.487826274192E-2,-9.987827659588E-1));
#1291=VECTOR('',#1290,3.754570190646E0);
#1292=CARTESIAN_POINT('',(1.6445E1,-4.46E1,4.75E0));
#1293=LINE('',#1292,#1291);
#1294=DIRECTION('',(-3.487826274224E-2,-3.487826274224E-2,-9.987827659587E-1));
#1295=VECTOR('',#1294,1.752132755635E0);
#1296=CARTESIAN_POINT('',(1.1145E1,-4.46E1,4.75E0));
#1297=LINE('',#1296,#1295);
#1298=DIRECTION('',(1.E0,0.E0,1.349326768049E-14));
#1299=VECTOR('',#1298,9.544453864407E-1);
#1300=CARTESIAN_POINT('',(1.108388865339E1,-4.466111134661E1,3.E0));
#1301=LINE('',#1300,#1299);
#1302=DIRECTION('',(1.E0,2.787520978905E-13,2.449639648128E-14));
#1303=VECTOR('',#1302,4.205871535592E0);
#1304=CARTESIAN_POINT('',(1.210817557882E1,-4.473095288559E1,1.E0));
#1305=LINE('',#1304,#1303);
#1306=DIRECTION('',(-3.487826274216E-2,-3.487826274216E-2,9.987827659587E-1));
#1307=VECTOR('',#1306,4.505484228776E0);
#1308=CARTESIAN_POINT('',(1.203833403983E1,-4.591666596017E1,3.E0));
#1309=LINE('',#1308,#1307);
#1310=DIRECTION('',(0.E0,-1.E0,0.E0));
#1311=VECTOR('',#1310,2.452381154239E0);
#1312=CARTESIAN_POINT('',(1.188119057712E1,-4.607380942288E1,7.5E0));
#1313=LINE('',#1312,#1311);
#1314=DIRECTION('',(0.E0,1.E0,0.E0));
#1315=VECTOR('',#1314,5.138094228815E0);
#1316=CARTESIAN_POINT('',(1.210817557882E1,-4.986904711441E1,1.E0));
#1317=LINE('',#1316,#1315);
#1318=DIRECTION('',(-3.487826274346E-2,3.487826274179E-2,9.987827659587E-1));
#1319=VECTOR('',#1318,2.002437435012E0);
#1320=CARTESIAN_POINT('',(1.210817557882E1,-4.473095288559E1,1.E0));
#1321=LINE('',#1320,#1319);
#1322=DIRECTION('',(3.487826274238E-2,-3.487826274216E-2,9.987827659587E-1));
#1323=VECTOR('',#1322,4.505484228776E0);
#1324=CARTESIAN_POINT('',(-4.968334039832E0,-4.591666596017E1,3.E0));
#1325=LINE('',#1324,#1323);
#1326=DIRECTION('',(1.E0,0.E0,0.E0));
#1327=VECTOR('',#1326,1.669238115424E1);
#1328=CARTESIAN_POINT('',(-4.811190577119E0,-4.607380942288E1,7.5E0));
#1329=LINE('',#1328,#1327);
#1330=DIRECTION('',(-1.E0,0.E0,0.E0));
#1331=VECTOR('',#1330,2.019206423220E0);
#1332=CARTESIAN_POINT('',(4.773010838358E0,-4.595857088356E1,4.2E0));
#1333=LINE('',#1332,#1331);
#1334=DIRECTION('',(-1.E0,-1.233544569409E-13,0.E0));
#1335=VECTOR('',#1334,7.661027108359E0);
#1336=CARTESIAN_POINT('',(2.692693068527E0,-4.868333403983E1,3.E0));
#1337=LINE('',#1336,#1335);
#1338=DIRECTION('',(0.E0,1.E0,0.E0));
#1339=VECTOR('',#1338,2.766668079663E0);
#1340=CARTESIAN_POINT('',(-4.968334039832E0,-4.868333403983E1,3.E0));
#1341=LINE('',#1340,#1339);
#1342=DIRECTION('',(1.E0,-1.251386680346E-13,0.E0));
#1343=VECTOR('',#1342,7.722138454970E0);
#1344=CARTESIAN_POINT('',(-4.968334039832E0,-4.591666596017E1,3.E0));
#1345=LINE('',#1344,#1343);
#1346=DIRECTION('',(0.E0,1.E0,0.E0));
#1347=VECTOR('',#1346,3.795555461356E1);
#1348=CARTESIAN_POINT('',(2.753804415138E0,-4.591666596017E1,3.E0));
#1349=LINE('',#1348,#1347);
#1350=CARTESIAN_POINT('',(-1.845E0,-1.02E1,3.E0));
#1351=DIRECTION('',(0.E0,0.E0,-1.E0));
#1352=DIRECTION('',(1.E0,-2.372133376456E-12,0.E0));
#1353=AXIS2_PLACEMENT_3D('',#1350,#1351,#1352);
#1355=DIRECTION('',(-1.E0,-2.034273681112E-14,0.E0));
#1356=VECTOR('',#1355,4.890000000001E0);
#1357=CARTESIAN_POINT('',(-1.844999999998E0,-1.126111134661E1,3.E0));
#1358=LINE('',#1357,#1356);
#1359=CARTESIAN_POINT('',(-6.735E0,-1.22E1,3.E0));
#1360=DIRECTION('',(0.E0,0.E0,1.E0));
#1361=DIRECTION('',(4.011939716547E-12,1.E0,0.E0));
#1362=AXIS2_PLACEMENT_3D('',#1359,#1360,#1361);
#1364=DIRECTION('',(0.E0,-1.E0,0.E0));
#1365=VECTOR('',#1364,3.531666596017E1);
#1366=CARTESIAN_POINT('',(-7.673888653389E0,-1.22E1,3.E0));
#1367=LINE('',#1366,#1365);
#1368=DIRECTION('',(1.E0,9.135554991913E-13,0.E0));
#1369=VECTOR('',#1368,3.888886533927E-1);
#1370=CARTESIAN_POINT('',(-7.673888653389E0,-4.751666596017E1,3.E0));
#1371=LINE('',#1370,#1369);
#1372=CARTESIAN_POINT('',(-7.285E0,-4.82E1,3.E0));
#1373=DIRECTION('',(0.E0,0.E0,-1.E0));
#1374=DIRECTION('',(1.563625659805E-11,1.E0,0.E0));
#1375=AXIS2_PLACEMENT_3D('',#1372,#1373,#1374);
#1377=DIRECTION('',(9.662604891208E-14,-1.E0,1.522592285887E-14));
#1378=VECTOR('',#1377,1.516665960168E0);
#1379=CARTESIAN_POINT('',(-6.601665960168E0,-4.82E1,3.E0));
#1380=LINE('',#1379,#1378);
#1381=DIRECTION('',(1.E0,1.290196739815E-13,0.E0));
#1382=VECTOR('',#1381,1.266665960172E0);
#1383=CARTESIAN_POINT('',(-6.601665960168E0,-4.971666596017E1,3.E0));
#1384=LINE('',#1383,#1382);
#1385=CARTESIAN_POINT('',(-5.335E0,-5.04E1,3.E0));
#1386=DIRECTION('',(0.E0,0.E0,-1.E0));
#1387=DIRECTION('',(1.563625659805E-11,1.E0,0.E0));
#1388=AXIS2_PLACEMENT_3D('',#1385,#1386,#1387);
#1390=DIRECTION('',(0.E0,-1.E0,0.E0));
#1391=VECTOR('',#1390,1.199999999999E0);
#1392=CARTESIAN_POINT('',(-4.651665960168E0,-5.04E1,3.E0));
#1393=LINE('',#1392,#1391);
#1394=CARTESIAN_POINT('',(-5.335E0,-5.16E1,3.E0));
#1395=DIRECTION('',(0.E0,0.E0,-1.E0));
#1396=DIRECTION('',(1.E0,2.745118365344E-12,0.E0));
#1397=AXIS2_PLACEMENT_3D('',#1394,#1395,#1396);
#1399=DIRECTION('',(-1.E0,3.473084524024E-13,0.E0));
#1400=VECTOR('',#1399,1.288888653393E0);
#1401=CARTESIAN_POINT('',(-5.334999999996E0,-5.228333403983E1,3.E0));
#1402=LINE('',#1401,#1400);
#1403=DIRECTION('',(1.E0,5.020646758772E-14,0.E0));
#1404=VECTOR('',#1403,3.396579460295E0);
#1405=CARTESIAN_POINT('',(-6.623888653389E0,-5.413888865339E1,3.E0));
#1406=LINE('',#1405,#1404);
#1407=DIRECTION('',(1.E0,-3.120625687853E-14,0.E0));
#1408=VECTOR('',#1407,5.920002261621E0);
#1409=CARTESIAN_POINT('',(-3.227309193094E0,-4.993888865339E1,3.E0));
#1410=LINE('',#1409,#1408);
#1411=DIRECTION('',(0.E0,1.E0,1.025728944529E-14));
#1412=VECTOR('',#1411,1.255554613559E0);
#1413=CARTESIAN_POINT('',(2.692693068527E0,-4.993888865339E1,3.E0));
#1414=LINE('',#1413,#1412);
#1415=DIRECTION('',(-3.487826274216E-2,3.487826274216E-2,9.987827659587E-1));
#1416=VECTOR('',#1415,4.505484228776E0);
#1417=CARTESIAN_POINT('',(1.203833403983E1,-4.868333403983E1,3.E0));
#1418=LINE('',#1417,#1416);
#1419=DIRECTION('',(-1.E0,0.E0,0.E0));
#1420=VECTOR('',#1419,1.669238115424E1);
#1421=CARTESIAN_POINT('',(1.188119057712E1,-4.852619057712E1,7.5E0));
#1422=LINE('',#1421,#1420);
#1423=DIRECTION('',(3.487826274263E-2,-3.487826274235E-2,-9.987827659587E-1));
#1424=VECTOR('',#1423,1.201462461007E0);
#1425=CARTESIAN_POINT('',(4.773010838358E0,-4.864142911644E1,4.2E0));
#1426=LINE('',#1425,#1424);
#1427=DIRECTION('',(-1.E0,1.318111770998E-13,0.E0));
#1428=VECTOR('',#1427,7.223418278083E0);
#1429=CARTESIAN_POINT('',(1.203833403983E1,-4.868333403983E1,3.E0));
#1430=LINE('',#1429,#1428);
#1431=DIRECTION('',(0.E0,-1.E0,-1.025728944529E-14));
#1432=VECTOR('',#1431,1.255554613559E0);
#1433=CARTESIAN_POINT('',(4.814915761749E0,-4.868333403983E1,3.E0));
#1434=LINE('',#1433,#1432);
#1435=DIRECTION('',(1.E0,0.E0,0.E0));
#1436=VECTOR('',#1435,7.223418278082E0);
#1437=CARTESIAN_POINT('',(4.814915761749E0,-4.993888865339E1,3.E0));
#1438=LINE('',#1437,#1436);
#1439=DIRECTION('',(7.569172211361E-13,1.E0,1.025728944530E-14));
#1440=VECTOR('',#1439,1.255554613558E0);
#1441=CARTESIAN_POINT('',(1.203833403983E1,-4.993888865339E1,3.E0));
#1442=LINE('',#1441,#1440);
#1443=DIRECTION('',(0.E0,-1.E0,0.E0));
#1444=VECTOR('',#1443,1.339364460339E0);
#1445=CARTESIAN_POINT('',(4.773010838358E0,-4.864142911644E1,4.2E0));
#1446=LINE('',#1445,#1444);
#1447=DIRECTION('',(3.487826274263E-2,3.487826274236E-2,-9.987827659587E-1));
#1448=VECTOR('',#1447,1.201462461007E0);
#1449=CARTESIAN_POINT('',(4.773010838358E0,-4.998079357678E1,4.2E0));
#1450=LINE('',#1449,#1448);
#1451=DIRECTION('',(-1.E0,0.E0,0.E0));
#1452=VECTOR('',#1451,2.038412846441E0);
#1453=CARTESIAN_POINT('',(4.773010838358E0,-4.864142911644E1,4.2E0));
#1454=LINE('',#1453,#1452);
#1455=DIRECTION('',(-3.487826274262E-2,-3.487826274235E-2,-9.987827659587E-1));
#1456=VECTOR('',#1455,1.201462461007E0);
#1457=CARTESIAN_POINT('',(2.734597991918E0,-4.864142911644E1,4.2E0));
#1458=LINE('',#1457,#1456);
#1459=DIRECTION('',(0.E0,1.E0,0.E0));
#1460=VECTOR('',#1459,1.339364460339E0);
#1461=CARTESIAN_POINT('',(2.734597991918E0,-4.998079357678E1,4.2E0));
#1462=LINE('',#1461,#1460);
#1463=DIRECTION('',(-3.487826274346E-2,-3.487826274179E-2,9.987827659587E-1));
#1464=VECTOR('',#1463,2.002437435012E0);
#1465=CARTESIAN_POINT('',(1.210817557882E1,-4.986904711441E1,1.E0));
#1466=LINE('',#1465,#1464);
#1467=DIRECTION('',(-1.E0,0.E0,0.E0));
#1468=VECTOR('',#1467,2.038412846441E0);
#1469=CARTESIAN_POINT('',(4.773010838358E0,-4.998079357678E1,4.2E0));
#1470=LINE('',#1469,#1468);
#1471=DIRECTION('',(-3.487826274262E-2,3.487826274235E-2,-9.987827659587E-1));
#1472=VECTOR('',#1471,1.201462461007E0);
#1473=CARTESIAN_POINT('',(2.734597991918E0,-4.998079357678E1,4.2E0));
#1474=LINE('',#1473,#1472);
#1475=DIRECTION('',(3.487826274243E-2,-3.487826274168E-2,9.987827659587E-1));
#1476=VECTOR('',#1475,1.752132755635E0);
#1477=CARTESIAN_POINT('',(-3.227309193094E0,-4.993888865339E1,3.E0));
#1478=LINE('',#1477,#1476);
#1479=DIRECTION('',(-3.489949670213E-2,2.688949458932E-12,-9.993908270191E-1));
#1480=VECTOR('',#1479,3.752285791120E0);
#1481=CARTESIAN_POINT('',(1.6445E1,-4.8E1,4.75E0));
#1482=LINE('',#1481,#1480);
#1483=DIRECTION('',(2.692736711692E-12,-3.489949670213E-2,9.993908270191E-1));
#1484=VECTOR('',#1483,3.752285791120E0);
#1485=CARTESIAN_POINT('',(1.444499999999E1,-4.986904711441E1,1.E0));
#1486=LINE('',#1485,#1484);
#1487=DIRECTION('',(1.E0,7.297521158940E-14,2.575036763116E-14));
#1488=VECTOR('',#1487,2.336824421174E0);
#1489=CARTESIAN_POINT('',(1.210817557882E1,-4.986904711441E1,1.E0));
#1490=LINE('',#1489,#1488);
#1491=CARTESIAN_POINT('',(1.4445E1,-4.8E1,1.E0));
#1492=DIRECTION('',(0.E0,0.E0,1.E0));
#1493=DIRECTION('',(-1.621205518734E-11,-1.E0,0.E0));
#1494=AXIS2_PLACEMENT_3D('',#1491,#1492,#1493);
#1496=DIRECTION('',(4.108003719713E-13,1.E0,1.310920499181E-14));
#1497=VECTOR('',#1496,3.269047114399E0);
#1498=CARTESIAN_POINT('',(1.631404711441E1,-4.799999999999E1,1.E0));
#1499=LINE('',#1498,#1497);
#1500=CARTESIAN_POINT('',(1.4365E1,-4.768E1,1.E0));
#1501=DIRECTION('',(0.E0,0.E0,-1.E0));
#1502=DIRECTION('',(0.E0,1.E0,0.E0));
#1503=AXIS2_PLACEMENT_3D('',#1500,#1501,#1502);
#1505=CARTESIAN_POINT('',(1.4365E1,-4.768E1,1.E0));
#1506=DIRECTION('',(0.E0,0.E0,-1.E0));
#1507=DIRECTION('',(0.E0,-1.E0,0.E0));
#1508=AXIS2_PLACEMENT_3D('',#1505,#1506,#1507);
#1510=DIRECTION('',(0.E0,0.E0,-1.E0));
#1511=VECTOR('',#1510,8.5E0);
#1512=CARTESIAN_POINT('',(1.4365E1,-4.868E1,9.5E0));
#1513=LINE('',#1512,#1511);
#1514=DIRECTION('',(0.E0,0.E0,-1.E0));
#1515=VECTOR('',#1514,8.5E0);
#1516=CARTESIAN_POINT('',(1.4365E1,-4.668E1,9.5E0));
#1517=LINE('',#1516,#1515);
#1518=DIRECTION('',(3.489949670280E-2,2.124349804194E-12,-9.993908270191E-1));
#1519=VECTOR('',#1518,4.752895335419E0);
#1520=CARTESIAN_POINT('',(1.627912634491E1,-4.800000000001E1,9.5E0));
#1521=LINE('',#1520,#1519);
#1522=CARTESIAN_POINT('',(1.4445E1,-4.8E1,4.75E0));
#1523=DIRECTION('',(0.E0,0.E0,-1.E0));
#1524=DIRECTION('',(1.E0,0.E0,0.E0));
#1525=AXIS2_PLACEMENT_3D('',#1522,#1523,#1524);
#1527=DIRECTION('',(2.125097288291E-12,3.489949670280E-2,9.993908270191E-1));
#1528=VECTOR('',#1527,4.752895335419E0);
#1529=CARTESIAN_POINT('',(1.4445E1,-5.E1,4.75E0));
#1530=LINE('',#1529,#1528);
#1531=DIRECTION('',(-1.E0,5.850181094058E-14,0.E0));
#1532=VECTOR('',#1531,1.761119784648E1);
#1533=CARTESIAN_POINT('',(1.4445E1,-5.E1,4.75E0));
#1534=LINE('',#1533,#1532);
#1535=DIRECTION('',(-3.487826274239E-2,3.487826274274E-2,9.987827659587E-1));
#1536=VECTOR('',#1535,4.755788908152E0);
#1537=CARTESIAN_POINT('',(-3.166197846483E0,-5.E1,4.75E0));
#1538=LINE('',#1537,#1536);
#1539=DIRECTION('',(1.E0,-7.674166425770E-14,0.E0));
#1540=VECTOR('',#1539,1.777707150158E1);
#1541=CARTESIAN_POINT('',(-3.332071501569E0,-4.983412634491E1,9.5E0));
#1542=LINE('',#1541,#1540);
#1543=DIRECTION('',(-3.487826274239E-2,3.487826274274E-2,9.987827659587E-1));
#1544=VECTOR('',#1543,4.755788908152E0);
#1545=CARTESIAN_POINT('',(-3.166197846483E0,-5.42E1,4.75E0));
#1546=LINE('',#1545,#1544);
#1547=DIRECTION('',(0.E0,1.E0,0.E0));
#1548=VECTOR('',#1547,4.2E0);
#1549=CARTESIAN_POINT('',(-3.332071501569E0,-5.403412634491E1,9.5E0));
#1550=LINE('',#1549,#1548);
#1551=DIRECTION('',(0.E0,-1.E0,0.E0));
#1552=VECTOR('',#1551,4.2E0);
#1553=CARTESIAN_POINT('',(-3.166197846483E0,-5.E1,4.75E0));
#1554=LINE('',#1553,#1552);
#1555=DIRECTION('',(3.487826274243E-2,-3.487826274168E-2,9.987827659587E-1));
#1556=VECTOR('',#1555,1.752132755635E0);
#1557=CARTESIAN_POINT('',(-3.227309193094E0,-5.413888865339E1,3.E0));
#1558=LINE('',#1557,#1556);
#1559=DIRECTION('',(0.E0,-1.E0,0.E0));
#1560=VECTOR('',#1559,4.2E0);
#1561=CARTESIAN_POINT('',(-3.227309193094E0,-4.993888865339E1,3.E0));
#1562=LINE('',#1561,#1560);
#1563=DIRECTION('',(3.487826274246E-2,3.487826274227E-2,-9.987827659587E-1));
#1564=VECTOR('',#1563,1.752132755632E0);
#1565=CARTESIAN_POINT('',(-6.685E0,-5.42E1,4.749999999997E0));
#1566=LINE('',#1565,#1564);
#1567=DIRECTION('',(-1.301953218693E-13,1.E0,0.E0));
#1568=VECTOR('',#1567,1.855554613559E0);
#1569=CARTESIAN_POINT('',(-6.623888653389E0,-5.413888865339E1,3.E0));
#1570=LINE('',#1569,#1568);
#1571=DIRECTION('',(-3.487826274244E-2,3.487826274234E-2,9.987827659587E-1));
#1572=VECTOR('',#1571,3.604387383021E0);
#1573=CARTESIAN_POINT('',(-6.623888653389E0,-5.228333403983E1,3.E0));
#1574=LINE('',#1573,#1572);
#1575=DIRECTION('',(3.487826274250E-2,-3.487826274242E-2,-9.987827659587E-1));
#1576=VECTOR('',#1575,1.852254627388E0);
#1577=CARTESIAN_POINT('',(-6.749603423560E0,-5.413539657644E1,6.6E0));
#1578=LINE('',#1577,#1576);
#1579=DIRECTION('',(1.E0,-1.323108837324E-12,3.907032566163E-14));
#1580=VECTOR('',#1579,1.219047114399E0);
#1581=CARTESIAN_POINT('',(-1.423499999999E1,-5.235317557882E1,
9.999999999999E-1));
#1582=LINE('',#1581,#1580);
#1583=DIRECTION('',(1.E0,3.417650274307E-13,0.E0));
#1584=VECTOR('',#1583,6.070793152879E0);
#1585=CARTESIAN_POINT('',(-1.282039657644E1,-5.215761926966E1,6.6E0));
#1586=LINE('',#1585,#1584);
#1587=DIRECTION('',(-1.E0,0.E0,0.E0));
#1588=VECTOR('',#1587,8.9E0);
#1589=CARTESIAN_POINT('',(-5.335E0,-5.21E1,8.25E0));
#1590=LINE('',#1589,#1588);
#1591=DIRECTION('',(-3.489949670272E-2,1.389856465114E-12,-9.993908270191E-1));
#1592=VECTOR('',#1591,7.254419196167E0);
#1593=CARTESIAN_POINT('',(-1.4735E1,-5.16E1,8.25E0));
#1594=LINE('',#1593,#1592);
#1595=DIRECTION('',(-1.385938617432E-12,3.489949670272E-2,9.993908270191E-1));
#1596=VECTOR('',#1595,7.254419196167E0);
#1597=CARTESIAN_POINT('',(-1.423499999999E1,-5.235317557882E1,
9.999999999999E-1));
#1598=LINE('',#1597,#1596);
#1599=CARTESIAN_POINT('',(-1.4235E1,-5.16E1,8.25E0));
#1600=DIRECTION('',(0.E0,0.E0,1.E0));
#1601=DIRECTION('',(-1.E0,-2.842170943040E-14,0.E0));
#1602=AXIS2_PLACEMENT_3D('',#1599,#1600,#1601);
#1604=CARTESIAN_POINT('',(-5.335E0,-5.16E1,8.25E0));
#1605=DIRECTION('',(0.E0,0.E0,1.E0));
#1606=DIRECTION('',(0.E0,-1.E0,0.E0));
#1607=AXIS2_PLACEMENT_3D('',#1604,#1605,#1606);
#1609=DIRECTION('',(0.E0,1.E0,0.E0));
#1610=VECTOR('',#1609,1.2E0);
#1611=CARTESIAN_POINT('',(-4.835E0,-5.16E1,8.25E0));
#1612=LINE('',#1611,#1610);
#1613=CARTESIAN_POINT('',(-5.335E0,-5.04E1,8.25E0));
#1614=DIRECTION('',(0.E0,0.E0,1.E0));
#1615=DIRECTION('',(1.E0,0.E0,0.E0));
#1616=AXIS2_PLACEMENT_3D('',#1613,#1614,#1615);
#1618=CARTESIAN_POINT('',(-1.4235E1,-5.04E1,8.25E0));
#1619=DIRECTION('',(0.E0,0.E0,1.E0));
#1620=DIRECTION('',(0.E0,1.E0,0.E0));
#1621=AXIS2_PLACEMENT_3D('',#1618,#1619,#1620);
#1623=DIRECTION('',(-3.489949670252E-2,-1.190279438562E-13,9.993908270191E-1));
#1624=VECTOR('',#1623,5.253200107569E0);
#1625=CARTESIAN_POINT('',(-4.651665960168E0,-5.16E1,3.E0));
#1626=LINE('',#1625,#1624);
#1627=DIRECTION('',(6.779858733852E-13,-3.489949670239E-2,-9.993908270191E-1));
#1628=VECTOR('',#1627,5.253200107569E0);
#1629=CARTESIAN_POINT('',(-5.335E0,-5.21E1,8.25E0));
#1630=LINE('',#1629,#1628);
#1631=DIRECTION('',(-6.779858733852E-13,-3.489949670240E-2,9.993908270191E-1));
#1632=VECTOR('',#1631,5.253200107569E0);
#1633=CARTESIAN_POINT('',(-5.334999999996E0,-4.971666596017E1,3.E0));
#1634=LINE('',#1633,#1632);
#1635=DIRECTION('',(3.489949670252E-2,-1.217331243983E-13,-9.993908270191E-1));
#1636=VECTOR('',#1635,5.253200107569E0);
#1637=CARTESIAN_POINT('',(-4.835E0,-5.04E1,8.25E0));
#1638=LINE('',#1637,#1636);
#1639=DIRECTION('',(1.E0,0.E0,0.E0));
#1640=VECTOR('',#1639,8.9E0);
#1641=CARTESIAN_POINT('',(-1.4235E1,-4.99E1,8.25E0));
#1642=LINE('',#1641,#1640);
#1643=DIRECTION('',(-3.487826274236E-2,-3.487826274227E-2,9.987827659587E-1));
#1644=VECTOR('',#1643,3.504265511270E0);
#1645=CARTESIAN_POINT('',(-6.601665960168E0,-4.971666596017E1,3.E0));
#1646=LINE('',#1645,#1644);
#1647=DIRECTION('',(-1.E0,0.E0,0.E0));
#1648=VECTOR('',#1647,6.122222693221E0);
#1649=CARTESIAN_POINT('',(-6.723888653389E0,-4.983888865339E1,6.5E0));
#1650=LINE('',#1649,#1648);
#1651=DIRECTION('',(-1.E0,1.543594098093E-13,4.628927012910E-14));
#1652=VECTOR('',#1651,1.196824421173E0);
#1653=CARTESIAN_POINT('',(-1.303817557882E1,-4.964682442118E1,
9.999999999999E-1));
#1654=LINE('',#1653,#1652);
#1655=DIRECTION('',(1.386918079352E-12,3.489949670272E-2,-9.993908270191E-1));
#1656=VECTOR('',#1655,7.254419196167E0);
#1657=CARTESIAN_POINT('',(-1.4235E1,-4.99E1,8.25E0));
#1658=LINE('',#1657,#1656);
#1659=DIRECTION('',(3.489949670272E-2,1.386918079352E-12,9.993908270191E-1));
#1660=VECTOR('',#1659,7.254419196167E0);
#1661=CARTESIAN_POINT('',(-1.498817557882E1,-5.040000000001E1,
9.999999999999E-1));
#1662=LINE('',#1661,#1660);
#1663=CARTESIAN_POINT('',(-1.4235E1,-5.04E1,1.E0));
#1664=DIRECTION('',(0.E0,0.E0,-1.E0));
#1665=DIRECTION('',(-1.E0,-4.009432477525E-11,0.E0));
#1666=AXIS2_PLACEMENT_3D('',#1663,#1664,#1665);
#1668=CARTESIAN_POINT('',(-1.2285E1,-4.82E1,1.E0));
#1669=DIRECTION('',(0.E0,0.E0,-1.E0));
#1670=DIRECTION('',(-1.E0,-4.009432477525E-11,0.E0));
#1671=AXIS2_PLACEMENT_3D('',#1668,#1669,#1670);
#1673=DIRECTION('',(-1.441920001311E-13,-1.E0,0.E0));
#1674=VECTOR('',#1673,9.338094228816E0);
#1675=CARTESIAN_POINT('',(-1.631404711441E1,-4.473095288559E1,1.E0));
#1676=LINE('',#1675,#1674);
#1677=CARTESIAN_POINT('',(-1.4235E1,-5.16E1,1.E0));
#1678=DIRECTION('',(0.E0,0.E0,-1.E0));
#1679=DIRECTION('',(4.006838138863E-11,-1.E0,0.E0));
#1680=AXIS2_PLACEMENT_3D('',#1677,#1678,#1679);
#1682=CARTESIAN_POINT('',(-1.4285E1,-4.768E1,1.E0));
#1683=DIRECTION('',(0.E0,0.E0,-1.E0));
#1684=DIRECTION('',(0.E0,1.E0,0.E0));
#1685=AXIS2_PLACEMENT_3D('',#1682,#1683,#1684);
#1687=CARTESIAN_POINT('',(-1.4285E1,-4.768E1,1.E0));
#1688=DIRECTION('',(0.E0,0.E0,-1.E0));
#1689=DIRECTION('',(0.E0,-1.E0,0.E0));
#1690=AXIS2_PLACEMENT_3D('',#1687,#1688,#1689);
#1692=DIRECTION('',(0.E0,1.E0,0.E0));
#1693=VECTOR('',#1692,1.2E0);
#1694=CARTESIAN_POINT('',(-1.4735E1,-5.16E1,8.25E0));
#1695=LINE('',#1694,#1693);
#1696=DIRECTION('',(0.E0,-1.E0,0.E0));
#1697=VECTOR('',#1696,1.199999999980E0);
#1698=CARTESIAN_POINT('',(-1.498817557882E1,-5.040000000001E1,
9.999999999999E-1));
#1699=LINE('',#1698,#1697);
#1700=DIRECTION('',(1.411926931433E-13,-1.E0,-3.667940615354E-14));
#1701=VECTOR('',#1700,1.446824421173E0);
#1702=CARTESIAN_POINT('',(-1.303817557882E1,-4.820000000001E1,
9.999999999999E-1));
#1703=LINE('',#1702,#1701);
#1704=DIRECTION('',(3.487826274270E-2,-3.487826274270E-2,9.987827659587E-1));
#1705=VECTOR('',#1704,5.506702946282E0);
#1706=CARTESIAN_POINT('',(-1.303817557882E1,-4.964682442118E1,
9.999999999999E-1));
#1707=LINE('',#1706,#1705);
#1708=DIRECTION('',(-1.213944373837E-13,1.E0,0.E0));
#1709=VECTOR('',#1708,1.638888653391E0);
#1710=CARTESIAN_POINT('',(-1.284611134661E1,-4.983888865339E1,6.5E0));
#1711=LINE('',#1710,#1709);
#1712=DIRECTION('',(2.011224881395E-12,3.489949670283E-2,-9.993908270191E-1));
#1713=VECTOR('',#1712,5.503352493644E0);
#1714=CARTESIAN_POINT('',(-1.2285E1,-4.763888865339E1,6.5E0));
#1715=LINE('',#1714,#1713);
#1716=DIRECTION('',(3.489949670283E-2,2.010256549724E-12,9.993908270191E-1));
#1717=VECTOR('',#1716,5.503352493644E0);
#1718=CARTESIAN_POINT('',(-1.303817557882E1,-4.820000000001E1,
9.999999999999E-1));
#1719=LINE('',#1718,#1717);
#1720=CARTESIAN_POINT('',(-7.285E0,-4.82E1,6.5E0));
#1721=DIRECTION('',(0.E0,0.E0,1.E0));
#1722=DIRECTION('',(1.E0,-3.545677114081E-12,0.E0));
#1723=AXIS2_PLACEMENT_3D('',#1720,#1721,#1722);
#1725=CARTESIAN_POINT('',(-1.2285E1,-4.82E1,6.5E0));
#1726=DIRECTION('',(0.E0,0.E0,1.E0));
#1727=DIRECTION('',(-5.302686755433E-12,1.E0,0.E0));
#1728=AXIS2_PLACEMENT_3D('',#1725,#1726,#1727);
#1730=DIRECTION('',(-9.321358584826E-14,1.E0,0.E0));
#1731=VECTOR('',#1730,1.638888653389E0);
#1732=CARTESIAN_POINT('',(-6.723888653389E0,-4.983888865339E1,6.5E0));
#1733=LINE('',#1732,#1731);
#1734=DIRECTION('',(3.489949670245E-2,2.178721050707E-13,-9.993908270191E-1));
#1735=VECTOR('',#1734,3.000380965186E0);
#1736=CARTESIAN_POINT('',(-6.723888653389E0,-4.82E1,6.5E0));
#1737=LINE('',#1736,#1735);
#1738=DIRECTION('',(3.489949670272E-2,-1.246187477721E-12,-9.993908270191E-1));
#1739=VECTOR('',#1738,5.017524398597E-1);
#1740=CARTESIAN_POINT('',(-6.619176867789E0,-4.82E1,3.501446785830E0));
#1741=LINE('',#1740,#1739);
#1742=DIRECTION('',(-1.690969943383E-9,-3.489949670141E-2,9.993908270191E-1));
#1743=VECTOR('',#1742,5.017525154426E-1);
#1744=CARTESIAN_POINT('',(-7.284999999997E0,-4.751666596017E1,3.E0));
#1745=LINE('',#1744,#1743);
#1746=DIRECTION('',(2.819235508447E-10,-3.489949670256E-2,9.993908270191E-1));
#1747=VECTOR('',#1746,3.000380889603E0);
#1748=CARTESIAN_POINT('',(-7.285000000845E0,-4.753417687043E1,
3.501446861367E0));
#1749=LINE('',#1748,#1747);
#1750=DIRECTION('',(-3.487826274246E-2,-3.487826274227E-2,9.987827659587E-1));
#1751=VECTOR('',#1750,1.752132755635E0);
#1752=CARTESIAN_POINT('',(-7.673888653389E0,-4.751666596017E1,3.E0));
#1753=LINE('',#1752,#1751);
#1754=DIRECTION('',(-1.E0,5.985784258830E-13,0.E0));
#1755=VECTOR('',#1754,3.299999999999E0);
#1756=CARTESIAN_POINT('',(-7.735E0,-4.757777730678E1,4.75E0));
#1757=LINE('',#1756,#1755);
#1758=DIRECTION('',(-3.487826274201E-2,3.487826274291E-2,-9.987827659587E-1));
#1759=VECTOR('',#1758,3.754570190646E0);
#1760=CARTESIAN_POINT('',(-1.1035E1,-4.757777730678E1,4.75E0));
#1761=LINE('',#1760,#1759);
#1762=DIRECTION('',(-1.E0,-1.434994614754E-12,-4.464515878313E-14));
#1763=VECTOR('',#1762,1.119047114399E0);
#1764=CARTESIAN_POINT('',(-1.116595288559E1,-4.744682442118E1,1.E0));
#1765=LINE('',#1764,#1763);
#1766=DIRECTION('',(1.E0,0.E0,0.E0));
#1767=VECTOR('',#1766,5.000000000002E0);
#1768=CARTESIAN_POINT('',(-1.2285E1,-4.763888865339E1,6.5E0));
#1769=LINE('',#1768,#1767);
#1770=DIRECTION('',(3.489949670258E-2,4.798313986702E-13,-9.993908270191E-1));
#1771=VECTOR('',#1770,1.751066702523E0);
#1772=CARTESIAN_POINT('',(-7.735E0,-1.22E1,4.75E0));
#1773=LINE('',#1772,#1771);
#1774=DIRECTION('',(-7.177182125986E-13,3.489949670239E-2,9.993908270191E-1));
#1775=VECTOR('',#1774,1.751066702523E0);
#1776=CARTESIAN_POINT('',(-6.734999999999E0,-1.126111134661E1,3.E0));
#1777=LINE('',#1776,#1775);
#1778=DIRECTION('',(-1.E0,-2.034273681113E-14,0.E0));
#1779=VECTOR('',#1778,4.89E0);
#1780=CARTESIAN_POINT('',(-1.845E0,-1.12E1,4.75E0));
#1781=LINE('',#1780,#1779);
#1782=DIRECTION('',(1.195520725862E-12,-3.489949670239E-2,-9.993908270191E-1));
#1783=VECTOR('',#1782,1.751066702523E0);
#1784=CARTESIAN_POINT('',(-1.845E0,-1.12E1,4.75E0));
#1785=LINE('',#1784,#1783);
#1786=DIRECTION('',(-3.489949670251E-2,4.788169559668E-13,9.993908270191E-1));
#1787=VECTOR('',#1786,1.751066702523E0);
#1788=CARTESIAN_POINT('',(-7.838886533895E-1,-1.02E1,3.E0));
#1789=LINE('',#1788,#1787);
#1790=DIRECTION('',(-3.487826274201E-2,-3.487826274201E-2,-9.987827659587E-1));
#1791=VECTOR('',#1790,3.754570190646E0);
#1792=CARTESIAN_POINT('',(-1.1035E1,-4.46E1,4.75E0));
#1793=LINE('',#1792,#1791);
#1794=DIRECTION('',(0.E0,-1.E0,-3.793577690810E-14));
#1795=VECTOR('',#1794,2.715871535590E0);
#1796=CARTESIAN_POINT('',(-1.116595288559E1,-4.473095288559E1,1.E0));
#1797=LINE('',#1796,#1795);
#1798=DIRECTION('',(0.E0,1.E0,0.E0));
#1799=VECTOR('',#1798,2.977777306779E0);
#1800=CARTESIAN_POINT('',(-1.1035E1,-4.757777730678E1,4.75E0));
#1801=LINE('',#1800,#1799);
#1802=DIRECTION('',(3.487826274242E-2,3.487826274242E-2,9.987827659587E-1));
#1803=VECTOR('',#1802,1.852254627387E0);
#1804=CARTESIAN_POINT('',(-1.2885E1,-5.42E1,4.749999999999E0));
#1805=LINE('',#1804,#1803);
#1806=DIRECTION('',(6.466738798071E-13,1.E0,0.E0));
#1807=VECTOR('',#1806,1.977777306778E0);
#1808=CARTESIAN_POINT('',(-1.282039657644E1,-5.413539657644E1,6.6E0));
#1809=LINE('',#1808,#1807);
#1810=DIRECTION('',(-3.487826274215E-2,-3.487826274274E-2,-9.987827659587E-1));
#1811=VECTOR('',#1810,5.606824818032E0);
#1812=CARTESIAN_POINT('',(-1.282039657644E1,-5.215761926966E1,6.6E0));
#1813=LINE('',#1812,#1811);
#1814=DIRECTION('',(-7.919666210179E-13,-1.E0,6.004452812946E-14));
#1815=VECTOR('',#1814,1.715871535589E0);
#1816=CARTESIAN_POINT('',(-1.301595288559E1,-5.235317557882E1,1.E0));
#1817=LINE('',#1816,#1815);
#1818=DIRECTION('',(3.487826274204E-2,-3.487826274201E-2,9.987827659587E-1));
#1819=VECTOR('',#1818,3.754570190645E0);
#1820=CARTESIAN_POINT('',(-1.301595288559E1,-5.406904711441E1,1.E0));
#1821=LINE('',#1820,#1819);
#1822=DIRECTION('',(-4.670422465268E-14,1.E0,0.E0));
#1823=VECTOR('',#1822,1.977777306780E0);
#1824=CARTESIAN_POINT('',(-6.749603423560E0,-5.413539657644E1,6.6E0));
#1825=LINE('',#1824,#1823);
#1826=DIRECTION('',(0.E0,0.E0,-1.E0));
#1827=VECTOR('',#1826,8.5E0);
#1828=CARTESIAN_POINT('',(-1.4285E1,-4.868E1,9.5E0));
#1829=LINE('',#1828,#1827);
#1830=DIRECTION('',(0.E0,0.E0,-1.E0));
#1831=VECTOR('',#1830,8.5E0);
#1832=CARTESIAN_POINT('',(-1.4285E1,-4.668E1,9.5E0));
#1833=LINE('',#1832,#1831);
#1834=DIRECTION('',(3.487826274238E-2,3.487826274216E-2,9.987827659587E-1));
#1835=VECTOR('',#1834,4.505484228776E0);
#1836=CARTESIAN_POINT('',(-4.968334039832E0,-4.868333403983E1,3.E0));
#1837=LINE('',#1836,#1835);
#1838=DIRECTION('',(0.E0,1.E0,0.E0));
#1839=VECTOR('',#1838,2.452381154239E0);
#1840=CARTESIAN_POINT('',(-4.811190577119E0,-4.852619057712E1,7.5E0));
#1841=LINE('',#1840,#1839);
#1842=DIRECTION('',(0.E0,-3.489949670247E-2,9.993908270191E-1));
#1843=VECTOR('',#1842,1.200731453159E0);
#1844=CARTESIAN_POINT('',(2.753804415138E0,-4.591666596017E1,3.E0));
#1845=LINE('',#1844,#1843);
#1846=DIRECTION('',(0.E0,1.E0,0.E0));
#1847=VECTOR('',#1846,3.803936446034E1);
#1848=CARTESIAN_POINT('',(2.753804415138E0,-4.595857088356E1,4.2E0));
#1849=LINE('',#1848,#1847);
#1850=DIRECTION('',(0.E0,-3.489949670275E-2,-9.993908270191E-1));
#1851=VECTOR('',#1850,1.200731453159E0);
#1852=CARTESIAN_POINT('',(2.753804415138E0,-7.919206423220E0,4.2E0));
#1853=LINE('',#1852,#1851);
#1854=DIRECTION('',(-1.E0,0.E0,0.E0));
#1855=VECTOR('',#1854,2.019206423220E0);
#1856=CARTESIAN_POINT('',(4.773010838358E0,-7.919206423220E0,4.2E0));
#1857=LINE('',#1856,#1855);
#1858=DIRECTION('',(3.487826274263E-2,3.487826274235E-2,-9.987827659587E-1));
#1859=VECTOR('',#1858,1.201462461007E0);
#1860=CARTESIAN_POINT('',(4.773010838358E0,-4.595857088356E1,4.2E0));
#1861=LINE('',#1860,#1859);
#1862=DIRECTION('',(0.E0,-1.E0,0.E0));
#1863=VECTOR('',#1862,3.803936446034E1);
#1864=CARTESIAN_POINT('',(4.773010838358E0,-7.919206423220E0,4.2E0));
#1865=LINE('',#1864,#1863);
#1866=DIRECTION('',(-3.487826274248E-2,-3.487826274248E-2,-9.987827659587E-1));
#1867=VECTOR('',#1866,1.752132755635E0);
#1868=CARTESIAN_POINT('',(-3.445E0,-7.9E0,4.75E0));
#1869=LINE('',#1868,#1867);
#1870=DIRECTION('',(-3.493501784155E-13,1.E0,0.E0));
#1871=VECTOR('',#1870,2.999999999999E-1);
#1872=CARTESIAN_POINT('',(-3.445E0,-8.2E0,4.75E0));
#1873=LINE('',#1872,#1871);
#1874=DIRECTION('',(1.E0,-1.969099492752E-14,0.E0));
#1875=VECTOR('',#1874,7.577777306779E0);
#1876=CARTESIAN_POINT('',(-1.108388865339E1,-7.961111346611E0,3.E0));
#1877=LINE('',#1876,#1875);
#1878=DIRECTION('',(0.E0,1.E0,0.E0));
#1879=VECTOR('',#1878,2.307777730678E1);
#1880=CARTESIAN_POINT('',(-1.108388865339E1,-3.103888865339E1,3.E0));
#1881=LINE('',#1880,#1879);
#1882=DIRECTION('',(-3.487826274194E-2,3.487826274242E-2,9.987827659587E-1));
#1883=VECTOR('',#1882,1.752132755635E0);
#1884=CARTESIAN_POINT('',(-1.108388865339E1,-7.961111346611E0,3.E0));
#1885=LINE('',#1884,#1883);
#1886=DIRECTION('',(-3.487826274227E-2,-3.487826274227E-2,9.987827659587E-1));
#1887=VECTOR('',#1886,1.752132755635E0);
#1888=CARTESIAN_POINT('',(-1.108388865339E1,-3.103888865339E1,3.E0));
#1889=LINE('',#1888,#1887);
#1890=DIRECTION('',(1.E0,0.E0,0.E0));
#1891=VECTOR('',#1890,1.41E0);
#1892=CARTESIAN_POINT('',(-1.1145E1,-3.11E1,4.75E0));
#1893=LINE('',#1892,#1891);
#1894=DIRECTION('',(-1.E0,0.E0,0.E0));
#1895=VECTOR('',#1894,1.287777306779E0);
#1896=CARTESIAN_POINT('',(-9.796111346611E0,-3.103888865339E1,3.E0));
#1897=LINE('',#1896,#1895);
#1898=DIRECTION('',(0.E0,-1.E0,0.E0));
#1899=VECTOR('',#1898,2.083888865339E1);
#1900=CARTESIAN_POINT('',(-9.796111346611E0,-1.02E1,3.E0));
#1901=LINE('',#1900,#1899);
#1902=DIRECTION('',(3.487826274246E-2,-3.487826274226E-2,9.987827659587E-1));
#1903=VECTOR('',#1902,1.752132755635E0);
#1904=CARTESIAN_POINT('',(-9.796111346611E0,-3.103888865339E1,3.E0));
#1905=LINE('',#1904,#1903);
#1906=DIRECTION('',(0.E0,3.489949670259E-2,-9.993908270191E-1));
#1907=VECTOR('',#1906,1.751066702523E0);
#1908=CARTESIAN_POINT('',(-8.735E0,-9.2E0,4.75E0));
#1909=LINE('',#1908,#1907);
#1910=DIRECTION('',(3.489949670258E-2,0.E0,9.993908270191E-1));
#1911=VECTOR('',#1910,1.751066702523E0);
#1912=CARTESIAN_POINT('',(-9.796111346611E0,-1.02E1,3.E0));
#1913=LINE('',#1912,#1911);
#1914=DIRECTION('',(-1.E0,-2.318787482667E-14,0.E0));
#1915=VECTOR('',#1914,4.290000000001E0);
#1916=CARTESIAN_POINT('',(-4.444999999999E0,-9.138888653389E0,3.E0));
#1917=LINE('',#1916,#1915);
#1918=DIRECTION('',(-4.788169559668E-13,-3.489949670258E-2,9.993908270191E-1));
#1919=VECTOR('',#1918,1.751066702523E0);
#1920=CARTESIAN_POINT('',(-4.444999999999E0,-9.138888653389E0,3.E0));
#1921=LINE('',#1920,#1919);
#1922=DIRECTION('',(-3.489949670258E-2,-4.788169559668E-13,-9.993908270191E-1));
#1923=VECTOR('',#1922,1.751066702523E0);
#1924=CARTESIAN_POINT('',(-3.445E0,-8.2E0,4.75E0));
#1925=LINE('',#1924,#1923);
#1926=CARTESIAN_POINT('',(-4.445E0,-8.2E0,3.E0));
#1927=DIRECTION('',(0.E0,0.E0,1.E0));
#1928=DIRECTION('',(2.678095104349E-12,-1.E0,0.E0));
#1929=AXIS2_PLACEMENT_3D('',#1926,#1927,#1928);
#1931=DIRECTION('',(-5.837196949881E-13,1.E0,-2.044877912379E-14));
#1932=VECTOR('',#1931,2.388886533900E-1);
#1933=CARTESIAN_POINT('',(-3.506111346611E0,-8.200000000001E0,3.E0));
#1934=LINE('',#1933,#1932);
#1935=CARTESIAN_POINT('',(-8.735E0,-1.02E1,3.E0));
#1936=DIRECTION('',(0.E0,0.E0,-1.E0));
#1937=DIRECTION('',(-1.E0,0.E0,0.E0));
#1938=AXIS2_PLACEMENT_3D('',#1935,#1936,#1937);
#1940=CARTESIAN_POINT('',(-1.1145E1,-4.46E1,4.75E0));
#1941=CARTESIAN_POINT('',(-1.109785696119E1,-4.464714303881E1,6.1E0));
#1942=VERTEX_POINT('',#1940);
#1943=VERTEX_POINT('',#1941);
#1944=CARTESIAN_POINT('',(-1.1145E1,-3.11E1,4.75E0));
#1945=VERTEX_POINT('',#1944);
#1946=CARTESIAN_POINT('',(-1.1145E1,-7.9E0,4.75E0));
#1947=VERTEX_POINT('',#1946);
#1948=CARTESIAN_POINT('',(-1.105071392237E1,-7.994286077628E0,7.45E0));
#1949=VERTEX_POINT('',#1948);
#1950=CARTESIAN_POINT('',(-1.105071392237E1,-9.805713922372E0,7.45E0));
#1951=VERTEX_POINT('',#1950);
#1952=CARTESIAN_POINT('',(-1.109785696119E1,-9.852856961186E0,6.1E0));
#1953=VERTEX_POINT('',#1952);
#1954=CARTESIAN_POINT('',(1.109785696119E1,-4.464714303881E1,6.1E0));
#1955=CARTESIAN_POINT('',(1.1145E1,-4.46E1,4.75E0));
#1956=VERTEX_POINT('',#1954);
#1957=VERTEX_POINT('',#1955);
#1958=CARTESIAN_POINT('',(1.6445E1,-4.46E1,4.75E0));
#1959=VERTEX_POINT('',#1958);
#1960=CARTESIAN_POINT('',(1.627912634491E1,-4.476587365509E1,9.5E0));
#1961=VERTEX_POINT('',#1960);
#1962=CARTESIAN_POINT('',(-1.627912634491E1,-4.476587365509E1,9.5E0));
#1963=VERTEX_POINT('',#1962);
#1964=CARTESIAN_POINT('',(-1.6445E1,-4.46E1,4.75E0));
#1965=VERTEX_POINT('',#1964);
#1966=CARTESIAN_POINT('',(1.1145E1,-1.04E1,4.75E0));
#1967=CARTESIAN_POINT('',(1.109785696119E1,-1.039999999999E1,6.1E0));
#1968=VERTEX_POINT('',#1966);
#1969=VERTEX_POINT('',#1967);
#1970=CARTESIAN_POINT('',(1.1645E1,-9.9E0,4.75E0));
#1971=VERTEX_POINT('',#1970);
#1972=CARTESIAN_POINT('',(1.1645E1,-9.852856961186E0,6.1E0));
#1973=VERTEX_POINT('',#1972);
#1974=CARTESIAN_POINT('',(1.1645E1,-9.838888653389E0,3.E0));
#1975=VERTEX_POINT('',#1974);
#1976=CARTESIAN_POINT('',(1.108388865339E1,-1.04E1,3.E0));
#1977=VERTEX_POINT('',#1976);
#1978=CARTESIAN_POINT('',(1.444621833546E1,-9.899999989502E0,4.75E0));
#1979=CARTESIAN_POINT('',(1.438507497898E1,-9.838888648250E0,2.999999852839E0));
#1980=VERTEX_POINT('',#1978);
#1981=VERTEX_POINT('',#1979);
#1982=VERTEX_POINT('',#103);
#1983=CARTESIAN_POINT('',(1.638388864825E1,-7.840074981411E0,2.999999852839E0));
#1984=VERTEX_POINT('',#1983);
#1985=CARTESIAN_POINT('',(1.635071391723E1,-7.806900247960E0,7.450000147161E0));
#1986=VERTEX_POINT('',#1985);
#1987=CARTESIAN_POINT('',(1.435190025039E1,-9.805713917233E0,7.450000147161E0));
#1988=VERTEX_POINT('',#1987);
#1989=CARTESIAN_POINT('',(1.635071392237E1,2.140571392237E1,7.45E0));
#1990=VERTEX_POINT('',#1989);
#1991=CARTESIAN_POINT('',(1.6445E1,2.15E1,4.75E0));
#1992=VERTEX_POINT('',#1991);
#1993=CARTESIAN_POINT('',(1.254047240322E1,-7.994286072489E0,7.449999852839E0));
#1994=VERTEX_POINT('',#1993);
#1995=VERTEX_POINT('',#131);
#1996=CARTESIAN_POINT('',(1.453928607763E1,1.419428607763E1,7.45E0));
#1997=VERTEX_POINT('',#1996);
#1998=CARTESIAN_POINT('',(1.294928607763E1,1.419428607763E1,7.45E0));
#1999=VERTEX_POINT('',#1998);
#2000=CARTESIAN_POINT('',(1.294928607763E1,1.589166003822E1,7.45E0));
#2001=VERTEX_POINT('',#2000);
#2002=CARTESIAN_POINT('',(1.4295E1,1.683E1,7.45E0));
#2003=VERTEX_POINT('',#2002);
#2004=CARTESIAN_POINT('',(1.294928607763E1,1.776833996178E1,7.45E0));
#2005=VERTEX_POINT('',#2004);
#2006=CARTESIAN_POINT('',(1.294928607763E1,3.140571392237E1,7.45E0));
#2007=VERTEX_POINT('',#2006);
#2008=CARTESIAN_POINT('',(1.635071392237E1,3.140571392237E1,7.45E0));
#2009=VERTEX_POINT('',#2008);
#2010=CARTESIAN_POINT('',(1.635071392237E1,3.019428607763E1,7.45E0));
#2011=VERTEX_POINT('',#2010);
#2012=CARTESIAN_POINT('',(1.485071392237E1,3.019428607763E1,7.45E0));
#2013=VERTEX_POINT('',#2012);
#2014=CARTESIAN_POINT('',(1.485071392237E1,2.800571392237E1,7.45E0));
#2015=VERTEX_POINT('',#2014);
#2016=CARTESIAN_POINT('',(1.635071392237E1,2.800571392237E1,7.45E0));
#2017=VERTEX_POINT('',#2016);
#2018=CARTESIAN_POINT('',(1.635071392237E1,2.359428607763E1,7.45E0));
#2019=VERTEX_POINT('',#2018);
#2020=CARTESIAN_POINT('',(1.485071392237E1,2.359428607763E1,7.45E0));
#2021=VERTEX_POINT('',#2020);
#2022=CARTESIAN_POINT('',(1.485071392237E1,2.140571392237E1,7.45E0));
#2023=VERTEX_POINT('',#2022);
#2024=CARTESIAN_POINT('',(1.244621833546E1,-7.899999989502E0,4.75E0));
#2025=VERTEX_POINT('',#2024);
#2026=CARTESIAN_POINT('',(-3.445E0,-7.9E0,4.75E0));
#2027=VERTEX_POINT('',#2026);
#2028=CARTESIAN_POINT('',(-8.45E-1,-7.9E0,4.75E0));
#2029=VERTEX_POINT('',#2028);
#2030=VERTEX_POINT('',#220);
#2031=CARTESIAN_POINT('',(1.450611134147E1,-5.962297672199E0,3.000000147161E0));
#2032=VERTEX_POINT('',#2031);
#2033=CARTESIAN_POINT('',(1.250729767463E1,-7.961111341472E0,3.000000147161E0));
#2034=VERTEX_POINT('',#2033);
#2035=CARTESIAN_POINT('',(1.450611134661E1,1.416111134661E1,3.E0));
#2036=VERTEX_POINT('',#2035);
#2037=CARTESIAN_POINT('',(1.4445E1,1.41E1,4.75E0));
#2038=VERTEX_POINT('',#2037);
#2039=CARTESIAN_POINT('',(1.638388865339E1,1.416111134661E1,3.E0));
#2040=VERTEX_POINT('',#2039);
#2041=CARTESIAN_POINT('',(4.814915761749E0,-7.961111346611E0,3.E0));
#2042=VERTEX_POINT('',#2041);
#2043=CARTESIAN_POINT('',(4.814915761749E0,-4.591666596017E1,3.E0));
#2044=VERTEX_POINT('',#2043);
#2045=CARTESIAN_POINT('',(1.203833403983E1,-4.591666596017E1,3.E0));
#2046=VERTEX_POINT('',#2045);
#2047=CARTESIAN_POINT('',(1.203833403983E1,-4.466111134661E1,3.E0));
#2048=VERTEX_POINT('',#2047);
#2049=CARTESIAN_POINT('',(1.108388865339E1,-4.466111134661E1,3.E0));
#2050=VERTEX_POINT('',#2049);
#2051=CARTESIAN_POINT('',(1.631404711441E1,2.136904711441E1,1.E0));
#2052=VERTEX_POINT('',#2051);
#2053=CARTESIAN_POINT('',(1.631404711441E1,1.423095288559E1,1.E0));
#2054=VERTEX_POINT('',#2053);
#2055=CARTESIAN_POINT('',(1.290790986935E1,2.144709013815E1,3.234859794965E0));
#2056=CARTESIAN_POINT('',(1.489209013048E1,2.144709013799E1,3.234859790200E0));
#2057=VERTEX_POINT('',#2055);
#2058=VERTEX_POINT('',#2056);
#2059=CARTESIAN_POINT('',(1.298595288559E1,2.136904711441E1,1.E0));
#2060=VERTEX_POINT('',#2059);
#2061=CARTESIAN_POINT('',(1.4945E1,2.15E1,4.75E0));
#2062=VERTEX_POINT('',#2061);
#2063=CARTESIAN_POINT('',(1.492579379182E1,2.244644275935E1,4.2E0));
#2064=CARTESIAN_POINT('',(1.287420620818E1,2.244644275462E1,4.2E0));
#2065=VERTEX_POINT('',#2063);
#2066=VERTEX_POINT('',#2064);
#2067=CARTESIAN_POINT('',(1.492579357678E1,2.351920642322E1,4.2E0));
#2068=VERTEX_POINT('',#2067);
#2069=CARTESIAN_POINT('',(1.287420642322E1,2.351920642322E1,4.2E0));
#2070=VERTEX_POINT('',#2069);
#2071=CARTESIAN_POINT('',(1.4945E1,2.35E1,4.75E0));
#2072=VERTEX_POINT('',#2071);
#2073=CARTESIAN_POINT('',(1.6445E1,2.35E1,4.75E0));
#2074=VERTEX_POINT('',#2073);
#2075=CARTESIAN_POINT('',(1.6445E1,2.81E1,4.75E0));
#2076=VERTEX_POINT('',#2075);
#2077=CARTESIAN_POINT('',(1.4945E1,2.81E1,4.75E0));
#2078=VERTEX_POINT('',#2077);
#2079=CARTESIAN_POINT('',(1.4945E1,3.01E1,4.75E0));
#2080=VERTEX_POINT('',#2079);
#2081=CARTESIAN_POINT('',(1.489209013065E1,3.015290986185E1,3.234859794956E0));
#2082=VERTEX_POINT('',#2081);
#2083=VERTEX_POINT('',#391);
#2084=CARTESIAN_POINT('',(1.492579357678E1,2.808079357678E1,4.2E0));
#2085=VERTEX_POINT('',#2084);
#2086=CARTESIAN_POINT('',(1.290790986952E1,3.015290986201E1,3.234859790200E0));
#2087=VERTEX_POINT('',#2086);
#2088=CARTESIAN_POINT('',(1.6445E1,3.01E1,4.75E0));
#2089=VERTEX_POINT('',#2088);
#2090=CARTESIAN_POINT('',(1.631404711441E1,3.023095288559E1,1.E0));
#2091=VERTEX_POINT('',#2090);
#2092=CARTESIAN_POINT('',(1.298595288559E1,3.023095288559E1,1.E0));
#2093=VERTEX_POINT('',#2092);
#2094=CARTESIAN_POINT('',(1.287420620818E1,2.915355724065E1,4.2E0));
#2095=VERTEX_POINT('',#2094);
#2096=CARTESIAN_POINT('',(1.287420642322E1,2.808079357678E1,4.2E0));
#2097=VERTEX_POINT('',#2096);
#2098=CARTESIAN_POINT('',(1.298595288559E1,3.950001311956E1,1.E0));
#2099=VERTEX_POINT('',#2098);
#2100=VERTEX_POINT('',#505);
#2101=CARTESIAN_POINT('',(1.291611134661E1,4.076111134661E1,3.E0));
#2102=VERTEX_POINT('',#2101);
#2103=CARTESIAN_POINT('',(1.2855E1,4.07E1,4.750000000019E0));
#2104=VERTEX_POINT('',#2103);
#2105=CARTESIAN_POINT('',(1.278759254164E1,4.076740744335E1,6.680296620781E0));
#2106=VERTEX_POINT('',#2105);
#2107=VERTEX_POINT('',#462);
#2108=CARTESIAN_POINT('',(1.285499967617E1,3.343130570275E1,4.75E0));
#2109=VERTEX_POINT('',#2108);
#2110=CARTESIAN_POINT('',(1.2855E1,1.878099974372E1,4.75E0));
#2111=VERTEX_POINT('',#2110);
#2112=VERTEX_POINT('',#977);
#2113=CARTESIAN_POINT('',(1.291611134661E1,2.356111134661E1,3.E0));
#2114=VERTEX_POINT('',#2113);
#2115=CARTESIAN_POINT('',(1.291611134661E1,2.803888865339E1,3.E0));
#2116=VERTEX_POINT('',#2115);
#2117=CARTESIAN_POINT('',(1.631404711441E1,3.950001311956E1,1.E0));
#2118=VERTEX_POINT('',#2117);
#2119=CARTESIAN_POINT('',(1.638388911132E1,4.149990041549E1,3.E0));
#2120=VERTEX_POINT('',#2119);
#2121=CARTESIAN_POINT('',(1.251484153898E1,4.263015846102E1,3.E0));
#2122=CARTESIAN_POINT('',(-1.014841538983E0,4.263015846102E1,3.E0));
#2123=VERTEX_POINT('',#2121);
#2124=VERTEX_POINT('',#2122);
#2125=CARTESIAN_POINT('',(-1.014841538983E0,4.888984153898E1,3.E0));
#2126=VERTEX_POINT('',#2125);
#2127=CARTESIAN_POINT('',(1.251484153898E1,4.888984153898E1,3.E0));
#2128=VERTEX_POINT('',#2127);
#2129=CARTESIAN_POINT('',(1.251484153898E1,5.075888865339E1,3.E0));
#2130=VERTEX_POINT('',#2129);
#2131=CARTESIAN_POINT('',(-2.833268965098E0,5.075888865339E1,3.E0));
#2132=VERTEX_POINT('',#2131);
#2133=CARTESIAN_POINT('',(-2.833268965098E0,4.275888865339E1,3.E0));
#2134=VERTEX_POINT('',#2133);
#2135=CARTESIAN_POINT('',(-1.205673103490E1,4.275888865339E1,3.E0));
#2136=VERTEX_POINT('',#2135);
#2137=CARTESIAN_POINT('',(-1.205673103490E1,4.588984153898E1,3.E0));
#2138=VERTEX_POINT('',#2137);
#2139=CARTESIAN_POINT('',(-1.638388865339E1,4.588984153898E1,3.E0));
#2140=VERTEX_POINT('',#2139);
#2141=CARTESIAN_POINT('',(-1.638388865339E1,4.076111134661E1,3.E0));
#2142=VERTEX_POINT('',#2141);
#2143=CARTESIAN_POINT('',(1.638388865339E1,4.588984153898E1,3.E0));
#2144=VERTEX_POINT('',#2143);
#2145=CARTESIAN_POINT('',(1.251484153898E1,4.588984153898E1,3.E0));
#2146=VERTEX_POINT('',#2145);
#2147=CARTESIAN_POINT('',(1.2445E1,4.27E1,5.E0));
#2148=VERTEX_POINT('',#2147);
#2149=CARTESIAN_POINT('',(-9.45E-1,4.27E1,5.E0));
#2150=VERTEX_POINT('',#2149);
#2151=CARTESIAN_POINT('',(1.2445E1,4.882E1,5.E0));
#2152=VERTEX_POINT('',#2151);
#2153=CARTESIAN_POINT('',(1.258468307797E1,4.595968307797E1,9.999999999999E-1));
#2154=VERTEX_POINT('',#2153);
#2155=CARTESIAN_POINT('',(1.258468307797E1,5.068904711441E1,1.E0));
#2156=VERTEX_POINT('',#2155);
#2157=CARTESIAN_POINT('',(-9.45E-1,4.882E1,5.E0));
#2158=VERTEX_POINT('',#2157);
#2159=CARTESIAN_POINT('',(1.631404711441E1,4.595968307797E1,1.E0));
#2160=VERTEX_POINT('',#2159);
#2161=CARTESIAN_POINT('',(1.644500032204E1,3.343130693715E1,4.75E0));
#2162=VERTEX_POINT('',#2161);
#2163=CARTESIAN_POINT('',(1.644500032305E1,3.876869405480E1,4.75E0));
#2164=VERTEX_POINT('',#2163);
#2165=CARTESIAN_POINT('',(1.6445E1,5.082E1,4.75E0));
#2166=VERTEX_POINT('',#2165);
#2167=CARTESIAN_POINT('',(1.631404711441E1,5.068904711441E1,1.E0));
#2168=VERTEX_POINT('',#2167);
#2169=CARTESIAN_POINT('',(1.637759254164E1,3.143259255665E1,6.680296620885E0));
#2170=VERTEX_POINT('',#2169);
#2171=VERTEX_POINT('',#767);
#2172=CARTESIAN_POINT('',(1.634372976847E1,4.080127023153E1,7.65E0));
#2173=VERTEX_POINT('',#2172);
#2174=CARTESIAN_POINT('',(1.634372976847E1,5.071872976847E1,7.65E0));
#2175=VERTEX_POINT('',#2174);
#2176=CARTESIAN_POINT('',(1.292240745812E1,3.143259255690E1,6.680296613794E0));
#2177=VERTEX_POINT('',#2176);
#2178=CARTESIAN_POINT('',(-1.6445E1,4.07E1,4.75E0));
#2179=VERTEX_POINT('',#2178);
#2180=CARTESIAN_POINT('',(-1.634372976847E1,4.080127023153E1,7.65E0));
#2181=VERTEX_POINT('',#2180);
#2182=CARTESIAN_POINT('',(-1.6445E1,5.082E1,4.75E0));
#2183=CARTESIAN_POINT('',(-1.631404711441E1,5.068904711441E1,1.E0));
#2184=VERTEX_POINT('',#2182);
#2185=VERTEX_POINT('',#2183);
#2186=CARTESIAN_POINT('',(-1.631404711441E1,4.595968307797E1,1.E0));
#2187=VERTEX_POINT('',#2186);
#2188=CARTESIAN_POINT('',(-1.199561968829E1,5.082E1,4.75E0));
#2189=CARTESIAN_POINT('',(-1.212657257389E1,5.068904711441E1,1.E0));
#2190=VERTEX_POINT('',#2188);
#2191=VERTEX_POINT('',#2189);
#2192=CARTESIAN_POINT('',(-1.199561968829E1,4.282E1,4.75E0));
#2193=VERTEX_POINT('',#2192);
#2194=CARTESIAN_POINT('',(-1.212657257389E1,4.595968307797E1,
9.999999999999E-1));
#2195=VERTEX_POINT('',#2194);
#2196=CARTESIAN_POINT('',(-2.894380311708E0,4.282E1,4.75E0));
#2197=VERTEX_POINT('',#2196);
#2198=CARTESIAN_POINT('',(-2.894380311708E0,5.082E1,4.75E0));
#2199=VERTEX_POINT('',#2198);
#2200=CARTESIAN_POINT('',(-2.793110080182E0,5.071872976847E1,7.65E0));
#2201=VERTEX_POINT('',#2200);
#2202=CARTESIAN_POINT('',(-1.634372976847E1,5.071872976847E1,7.65E0));
#2203=VERTEX_POINT('',#2202);
#2204=CARTESIAN_POINT('',(-1.209688991982E1,5.071872976847E1,7.65E0));
#2205=VERTEX_POINT('',#2204);
#2206=CARTESIAN_POINT('',(-1.209688991982E1,4.271872976847E1,7.65E0));
#2207=VERTEX_POINT('',#2206);
#2208=CARTESIAN_POINT('',(-2.793110080182E0,4.271872976847E1,7.65E0));
#2209=VERTEX_POINT('',#2208);
#2210=CARTESIAN_POINT('',(-1.3365E1,4.757E1,7.65E0));
#2211=CARTESIAN_POINT('',(-1.5365E1,4.757E1,7.65E0));
#2212=VERTEX_POINT('',#2210);
#2213=VERTEX_POINT('',#2211);
#2214=CARTESIAN_POINT('',(1.5285E1,4.755E1,7.65E0));
#2215=CARTESIAN_POINT('',(1.3285E1,4.755E1,7.65E0));
#2216=VERTEX_POINT('',#2214);
#2217=VERTEX_POINT('',#2215);
#2218=CARTESIAN_POINT('',(-1.5365E1,4.757E1,1.E0));
#2219=CARTESIAN_POINT('',(-1.3365E1,4.757E1,1.E0));
#2220=VERTEX_POINT('',#2218);
#2221=VERTEX_POINT('',#2219);
#2222=CARTESIAN_POINT('',(1.3285E1,4.755E1,1.E0));
#2223=CARTESIAN_POINT('',(1.5285E1,4.755E1,1.E0));
#2224=VERTEX_POINT('',#2222);
#2225=VERTEX_POINT('',#2223);
#2226=VERTEX_POINT('',#932);
#2227=CARTESIAN_POINT('',(1.292484153898E1,1.872433217741E1,6.75E0));
#2228=VERTEX_POINT('',#2227);
#2229=CARTESIAN_POINT('',(1.2295E1,1.683E1,4.E0));
#2230=CARTESIAN_POINT('',(1.2295E1,1.683E1,1.E0));
#2231=VERTEX_POINT('',#2229);
#2232=VERTEX_POINT('',#2230);
#2233=CARTESIAN_POINT('',(1.2855E1,1.593200222717E1,4.E0));
#2234=VERTEX_POINT('',#2233);
#2235=CARTESIAN_POINT('',(1.2855E1,1.593200222717E1,6.75E0));
#2236=VERTEX_POINT('',#2235);
#2237=CARTESIAN_POINT('',(1.2295E1,1.683E1,6.75E0));
#2238=VERTEX_POINT('',#2237);
#2239=CARTESIAN_POINT('',(1.4295E1,1.683E1,1.E0));
#2240=VERTEX_POINT('',#2239);
#2241=VERTEX_POINT('',#948);
#2242=CARTESIAN_POINT('',(1.142595288559E1,1.683E1,1.E0));
#2243=VERTEX_POINT('',#2242);
#2244=CARTESIAN_POINT('',(1.298595288559E1,1.498668044090E1,1.E0));
#2245=VERTEX_POINT('',#2244);
#2246=CARTESIAN_POINT('',(1.298595288559E1,1.423095288559E1,1.E0));
#2247=VERTEX_POINT('',#2246);
#2248=CARTESIAN_POINT('',(1.1295E1,1.683E1,4.75E0));
#2249=VERTEX_POINT('',#2248);
#2250=CARTESIAN_POINT('',(1.2855E1,1.487900025628E1,4.75E0));
#2251=VERTEX_POINT('',#2250);
#2252=CARTESIAN_POINT('',(1.136484153898E1,1.683E1,6.75E0));
#2253=VERTEX_POINT('',#2252);
#2254=CARTESIAN_POINT('',(1.292484153898E1,1.493566782259E1,6.75E0));
#2255=VERTEX_POINT('',#2254);
#2256=CARTESIAN_POINT('',(1.2855E1,1.41E1,4.75E0));
#2257=VERTEX_POINT('',#2256);
#2258=CARTESIAN_POINT('',(1.638388865339E1,2.356111134661E1,3.E0));
#2259=VERTEX_POINT('',#2258);
#2260=CARTESIAN_POINT('',(1.638388865339E1,2.803888865339E1,3.E0));
#2261=VERTEX_POINT('',#2260);
#2262=CARTESIAN_POINT('',(-1.108388865339E1,-7.961111346611E0,3.E0));
#2263=VERTEX_POINT('',#2262);
#2264=CARTESIAN_POINT('',(-3.506111346611E0,-7.961111346611E0,3.E0));
#2265=VERTEX_POINT('',#2264);
#2266=CARTESIAN_POINT('',(-7.838886533894E-1,-7.961111346611E0,3.E0));
#2267=VERTEX_POINT('',#2266);
#2268=CARTESIAN_POINT('',(2.753804415138E0,-7.961111346611E0,3.E0));
#2269=VERTEX_POINT('',#2268);
#2270=CARTESIAN_POINT('',(2.753804415138E0,-7.919206423220E0,4.2E0));
#2271=VERTEX_POINT('',#2270);
#2272=CARTESIAN_POINT('',(4.773010838358E0,-7.919206423220E0,4.2E0));
#2273=VERTEX_POINT('',#2272);
#2274=CARTESIAN_POINT('',(-1.108388865339E1,-3.103888865339E1,3.E0));
#2275=VERTEX_POINT('',#2274);
#2276=CARTESIAN_POINT('',(-9.735E0,-3.11E1,4.75E0));
#2277=VERTEX_POINT('',#2276);
#2278=CARTESIAN_POINT('',(-9.796111346611E0,-3.103888865339E1,3.E0));
#2279=VERTEX_POINT('',#2278);
#2280=CARTESIAN_POINT('',(-1.1035E1,-4.46E1,4.75E0));
#2281=VERTEX_POINT('',#2280);
#2282=CARTESIAN_POINT('',(-1.1035E1,-4.757777730678E1,4.75E0));
#2283=VERTEX_POINT('',#2282);
#2284=CARTESIAN_POINT('',(-7.735E0,-4.757777730678E1,4.75E0));
#2285=VERTEX_POINT('',#2284);
#2286=CARTESIAN_POINT('',(-7.735E0,-1.22E1,4.75E0));
#2287=VERTEX_POINT('',#2286);
#2288=CARTESIAN_POINT('',(-6.735E0,-1.12E1,4.75E0));
#2289=VERTEX_POINT('',#2288);
#2290=CARTESIAN_POINT('',(-1.845E0,-1.12E1,4.75E0));
#2291=VERTEX_POINT('',#2290);
#2292=CARTESIAN_POINT('',(-8.450000000003E-1,-1.02E1,4.75E0));
#2293=VERTEX_POINT('',#2292);
#2294=CARTESIAN_POINT('',(-3.445E0,-8.2E0,4.75E0));
#2295=VERTEX_POINT('',#2294);
#2296=CARTESIAN_POINT('',(-4.445E0,-9.2E0,4.75E0));
#2297=VERTEX_POINT('',#2296);
#2298=CARTESIAN_POINT('',(-8.735E0,-9.2E0,4.75E0));
#2299=VERTEX_POINT('',#2298);
#2300=CARTESIAN_POINT('',(-9.735E0,-1.02E1,4.75E0));
#2301=VERTEX_POINT('',#2300);
#2302=CARTESIAN_POINT('',(-1.631404711441E1,-4.473095288559E1,1.E0));
#2303=VERTEX_POINT('',#2302);
#2304=CARTESIAN_POINT('',(-1.116595288559E1,-4.473095288559E1,1.E0));
#2305=VERTEX_POINT('',#2304);
#2306=CARTESIAN_POINT('',(1.210817557882E1,-4.473095288559E1,1.E0));
#2307=VERTEX_POINT('',#2306);
#2308=CARTESIAN_POINT('',(1.631404711441E1,-4.473095288559E1,1.E0));
#2309=VERTEX_POINT('',#2308);
#2310=CARTESIAN_POINT('',(-1.6445E1,-5.42E1,4.75E0));
#2311=CARTESIAN_POINT('',(-1.631404711441E1,-5.406904711441E1,1.E0));
#2312=VERTEX_POINT('',#2310);
#2313=VERTEX_POINT('',#2311);
#2314=CARTESIAN_POINT('',(-1.2885E1,-5.42E1,4.749999999999E0));
#2315=VERTEX_POINT('',#2314);
#2316=CARTESIAN_POINT('',(-1.301595288559E1,-5.406904711441E1,1.E0));
#2317=VERTEX_POINT('',#2316);
#2318=CARTESIAN_POINT('',(-3.166197846483E0,-5.42E1,4.75E0));
#2319=CARTESIAN_POINT('',(-6.685E0,-5.42E1,4.749999999997E0));
#2320=VERTEX_POINT('',#2318);
#2321=VERTEX_POINT('',#2319);
#2322=CARTESIAN_POINT('',(-3.227309193094E0,-5.413888865339E1,3.E0));
#2323=VERTEX_POINT('',#2322);
#2324=CARTESIAN_POINT('',(-6.623888653389E0,-5.413888865339E1,3.E0));
#2325=VERTEX_POINT('',#2324);
#2326=CARTESIAN_POINT('',(-1.627912634491E1,-5.403412634491E1,9.5E0));
#2327=VERTEX_POINT('',#2326);
#2328=CARTESIAN_POINT('',(-3.332071501569E0,-5.403412634491E1,9.5E0));
#2329=VERTEX_POINT('',#2328);
#2330=CARTESIAN_POINT('',(-6.749603423560E0,-5.413539657644E1,6.6E0));
#2331=VERTEX_POINT('',#2330);
#2332=CARTESIAN_POINT('',(-1.282039657644E1,-5.413539657644E1,6.6E0));
#2333=VERTEX_POINT('',#2332);
#2334=CARTESIAN_POINT('',(1.627912634491E1,-4.800000000001E1,9.5E0));
#2335=VERTEX_POINT('',#2334);
#2336=CARTESIAN_POINT('',(1.444500000003E1,-4.983412634491E1,9.5E0));
#2337=VERTEX_POINT('',#2336);
#2338=CARTESIAN_POINT('',(-3.332071501569E0,-4.983412634491E1,9.5E0));
#2339=VERTEX_POINT('',#2338);
#2340=CARTESIAN_POINT('',(1.4365E1,-4.868E1,9.5E0));
#2341=CARTESIAN_POINT('',(1.4365E1,-4.668E1,9.5E0));
#2342=VERTEX_POINT('',#2340);
#2343=VERTEX_POINT('',#2341);
#2344=CARTESIAN_POINT('',(-1.4285E1,-4.868E1,9.5E0));
#2345=CARTESIAN_POINT('',(-1.4285E1,-4.668E1,9.5E0));
#2346=VERTEX_POINT('',#2344);
#2347=VERTEX_POINT('',#2345);
#2348=CARTESIAN_POINT('',(1.6445E1,-4.8E1,4.75E0));
#2349=VERTEX_POINT('',#2348);
#2350=CARTESIAN_POINT('',(1.631404711441E1,-4.799999999999E1,1.E0));
#2351=VERTEX_POINT('',#2350);
#2352=CARTESIAN_POINT('',(1.210817557882E1,-4.986904711441E1,1.E0));
#2353=VERTEX_POINT('',#2352);
#2354=CARTESIAN_POINT('',(1.444499999999E1,-4.986904711441E1,1.E0));
#2355=VERTEX_POINT('',#2354);
#2356=CARTESIAN_POINT('',(1.4365E1,-4.668E1,1.E0));
#2357=CARTESIAN_POINT('',(1.4365E1,-4.868E1,1.E0));
#2358=VERTEX_POINT('',#2356);
#2359=VERTEX_POINT('',#2357);
#2360=CARTESIAN_POINT('',(1.188119057712E1,-4.607380942288E1,7.5E0));
#2361=VERTEX_POINT('',#2360);
#2362=CARTESIAN_POINT('',(1.188119057712E1,-4.852619057712E1,7.5E0));
#2363=VERTEX_POINT('',#2362);
#2364=CARTESIAN_POINT('',(1.203833403983E1,-4.868333403983E1,3.E0));
#2365=VERTEX_POINT('',#2364);
#2366=CARTESIAN_POINT('',(1.203833403983E1,-4.993888865339E1,3.E0));
#2367=VERTEX_POINT('',#2366);
#2368=CARTESIAN_POINT('',(-4.968334039832E0,-4.591666596017E1,3.E0));
#2369=CARTESIAN_POINT('',(2.753804415138E0,-4.591666596017E1,3.E0));
#2370=VERTEX_POINT('',#2368);
#2371=VERTEX_POINT('',#2369);
#2372=CARTESIAN_POINT('',(-4.811190577119E0,-4.607380942288E1,7.5E0));
#2373=VERTEX_POINT('',#2372);
#2374=CARTESIAN_POINT('',(4.773010838358E0,-4.595857088356E1,4.2E0));
#2375=VERTEX_POINT('',#2374);
#2376=CARTESIAN_POINT('',(2.753804415138E0,-4.595857088356E1,4.2E0));
#2377=VERTEX_POINT('',#2376);
#2378=CARTESIAN_POINT('',(2.692693068527E0,-4.868333403983E1,3.E0));
#2379=CARTESIAN_POINT('',(-4.968334039832E0,-4.868333403983E1,3.E0));
#2380=VERTEX_POINT('',#2378);
#2381=VERTEX_POINT('',#2379);
#2382=CARTESIAN_POINT('',(-7.838886533895E-1,-1.02E1,3.E0));
#2383=VERTEX_POINT('',#2382);
#2384=CARTESIAN_POINT('',(-1.844999999994E0,-1.126111134661E1,3.E0));
#2385=VERTEX_POINT('',#2384);
#2386=CARTESIAN_POINT('',(-6.734999999999E0,-1.126111134661E1,3.E0));
#2387=VERTEX_POINT('',#2386);
#2388=CARTESIAN_POINT('',(-7.673888653389E0,-1.22E1,3.E0));
#2389=VERTEX_POINT('',#2388);
#2390=CARTESIAN_POINT('',(-7.673888653389E0,-4.751666596017E1,3.E0));
#2391=VERTEX_POINT('',#2390);
#2392=CARTESIAN_POINT('',(-7.284999999997E0,-4.751666596017E1,3.E0));
#2393=VERTEX_POINT('',#2392);
#2394=CARTESIAN_POINT('',(-6.601665960168E0,-4.82E1,3.E0));
#2395=VERTEX_POINT('',#2394);
#2396=CARTESIAN_POINT('',(-6.601665960168E0,-4.971666596017E1,3.E0));
#2397=VERTEX_POINT('',#2396);
#2398=CARTESIAN_POINT('',(-5.334999999996E0,-4.971666596017E1,3.E0));
#2399=VERTEX_POINT('',#2398);
#2400=CARTESIAN_POINT('',(-4.651665960168E0,-5.04E1,3.E0));
#2401=VERTEX_POINT('',#2400);
#2402=CARTESIAN_POINT('',(-4.651665960168E0,-5.16E1,3.E0));
#2403=VERTEX_POINT('',#2402);
#2404=CARTESIAN_POINT('',(-5.334999999989E0,-5.228333403983E1,3.E0));
#2405=VERTEX_POINT('',#2404);
#2406=CARTESIAN_POINT('',(-6.623888653389E0,-5.228333403983E1,3.E0));
#2407=VERTEX_POINT('',#2406);
#2408=CARTESIAN_POINT('',(-3.227309193094E0,-4.993888865339E1,3.E0));
#2409=VERTEX_POINT('',#2408);
#2410=CARTESIAN_POINT('',(2.692693068527E0,-4.993888865339E1,3.E0));
#2411=VERTEX_POINT('',#2410);
#2412=CARTESIAN_POINT('',(4.814915761749E0,-4.868333403983E1,3.E0));
#2413=VERTEX_POINT('',#2412);
#2414=CARTESIAN_POINT('',(-4.811190577119E0,-4.852619057712E1,7.5E0));
#2415=VERTEX_POINT('',#2414);
#2416=CARTESIAN_POINT('',(2.734597991918E0,-4.864142911644E1,4.2E0));
#2417=VERTEX_POINT('',#2416);
#2418=CARTESIAN_POINT('',(4.773010838358E0,-4.864142911644E1,4.2E0));
#2419=VERTEX_POINT('',#2418);
#2420=CARTESIAN_POINT('',(4.814915761749E0,-4.993888865339E1,3.E0));
#2421=VERTEX_POINT('',#2420);
#2422=CARTESIAN_POINT('',(4.773010838358E0,-4.998079357678E1,4.2E0));
#2423=VERTEX_POINT('',#2422);
#2424=CARTESIAN_POINT('',(2.734597991918E0,-4.998079357678E1,4.2E0));
#2425=VERTEX_POINT('',#2424);
#2426=CARTESIAN_POINT('',(1.4445E1,-5.E1,4.75E0));
#2427=VERTEX_POINT('',#2426);
#2428=CARTESIAN_POINT('',(-3.166197846483E0,-5.E1,4.75E0));
#2429=VERTEX_POINT('',#2428);
#2430=CARTESIAN_POINT('',(-7.285000000845E0,-4.753417687043E1,
3.501446861367E0));
#2431=VERTEX_POINT('',#2430);
#2432=CARTESIAN_POINT('',(-1.116595288559E1,-4.744682442118E1,1.E0));
#2433=VERTEX_POINT('',#2432);
#2434=CARTESIAN_POINT('',(-1.228499999999E1,-4.744682442118E1,
9.999999999999E-1));
#2435=VERTEX_POINT('',#2434);
#2436=CARTESIAN_POINT('',(-1.2285E1,-4.763888865339E1,6.5E0));
#2437=VERTEX_POINT('',#2436);
#2438=CARTESIAN_POINT('',(-7.284999999999E0,-4.763888865339E1,6.5E0));
#2439=VERTEX_POINT('',#2438);
#2440=CARTESIAN_POINT('',(-6.723888653389E0,-4.82E1,6.5E0));
#2441=CARTESIAN_POINT('',(-6.619176867789E0,-4.82E1,3.501446785830E0));
#2442=VERTEX_POINT('',#2440);
#2443=VERTEX_POINT('',#2441);
#2444=CARTESIAN_POINT('',(-6.723888653389E0,-4.983888865339E1,6.5E0));
#2445=VERTEX_POINT('',#2444);
#2446=CARTESIAN_POINT('',(-1.4235E1,-4.99E1,8.25E0));
#2447=CARTESIAN_POINT('',(-1.423499999999E1,-4.964682442118E1,
9.999999999999E-1));
#2448=VERTEX_POINT('',#2446);
#2449=VERTEX_POINT('',#2447);
#2450=CARTESIAN_POINT('',(-5.335E0,-4.99E1,8.25E0));
#2451=VERTEX_POINT('',#2450);
#2452=CARTESIAN_POINT('',(-1.284611134661E1,-4.983888865339E1,6.5E0));
#2453=VERTEX_POINT('',#2452);
#2454=CARTESIAN_POINT('',(-1.303817557882E1,-4.964682442118E1,
9.999999999999E-1));
#2455=VERTEX_POINT('',#2454);
#2456=CARTESIAN_POINT('',(-1.4735E1,-5.04E1,8.25E0));
#2457=VERTEX_POINT('',#2456);
#2458=CARTESIAN_POINT('',(-1.498817557882E1,-5.040000000003E1,1.E0));
#2459=VERTEX_POINT('',#2458);
#2460=CARTESIAN_POINT('',(-1.4735E1,-5.16E1,8.25E0));
#2461=CARTESIAN_POINT('',(-1.4235E1,-5.21E1,8.25E0));
#2462=VERTEX_POINT('',#2460);
#2463=VERTEX_POINT('',#2461);
#2464=CARTESIAN_POINT('',(-5.335E0,-5.21E1,8.25E0));
#2465=VERTEX_POINT('',#2464);
#2466=CARTESIAN_POINT('',(-4.835E0,-5.16E1,8.25E0));
#2467=VERTEX_POINT('',#2466);
#2468=CARTESIAN_POINT('',(-4.835E0,-5.04E1,8.25E0));
#2469=VERTEX_POINT('',#2468);
#2470=CARTESIAN_POINT('',(-1.498817557882E1,-5.159999999999E1,
9.999999999999E-1));
#2471=VERTEX_POINT('',#2470);
#2472=CARTESIAN_POINT('',(-1.423499999997E1,-5.235317557882E1,1.E0));
#2473=VERTEX_POINT('',#2472);
#2474=CARTESIAN_POINT('',(-1.303817557882E1,-4.820000000001E1,
9.999999999999E-1));
#2475=VERTEX_POINT('',#2474);
#2476=CARTESIAN_POINT('',(-1.301595288559E1,-5.235317557882E1,1.E0));
#2477=VERTEX_POINT('',#2476);
#2478=CARTESIAN_POINT('',(-1.4285E1,-4.668E1,1.E0));
#2479=CARTESIAN_POINT('',(-1.4285E1,-4.868E1,1.E0));
#2480=VERTEX_POINT('',#2478);
#2481=VERTEX_POINT('',#2479);
#2482=CARTESIAN_POINT('',(-1.284611134661E1,-4.82E1,6.5E0));
#2483=VERTEX_POINT('',#2482);
#2484=CARTESIAN_POINT('',(-1.282039657644E1,-5.215761926966E1,6.6E0));
#2485=VERTEX_POINT('',#2484);
#2486=CARTESIAN_POINT('',(-6.749603423560E0,-5.215761926966E1,6.6E0));
#2487=VERTEX_POINT('',#2486);
#2488=CARTESIAN_POINT('',(-3.506111346611E0,-8.200000000001E0,3.E0));
#2489=VERTEX_POINT('',#2488);
#2490=CARTESIAN_POINT('',(-4.444999999997E0,-9.138888653389E0,3.E0));
#2491=VERTEX_POINT('',#2490);
#2492=CARTESIAN_POINT('',(-9.796111346611E0,-1.02E1,3.E0));
#2493=VERTEX_POINT('',#2492);
#2494=CARTESIAN_POINT('',(-8.735E0,-9.138888653390E0,3.E0));
#2495=VERTEX_POINT('',#2494);
#2496=CARTESIAN_POINT('',(-1.1145E1,-7.9E0,4.75E0));
#2497=DIRECTION('',(-9.993908270191E-1,0.E0,3.489949670250E-2));
#2498=DIRECTION('',(0.E0,-1.E0,0.E0));
#2499=AXIS2_PLACEMENT_3D('',#2496,#2497,#2498);
#2500=PLANE('',#2499);
#2502=ORIENTED_EDGE('',*,*,#2501,.F.);
#2504=ORIENTED_EDGE('',*,*,#2503,.T.);
#2506=ORIENTED_EDGE('',*,*,#2505,.T.);
#2508=ORIENTED_EDGE('',*,*,#2507,.T.);
#2510=ORIENTED_EDGE('',*,*,#2509,.T.);
#2512=ORIENTED_EDGE('',*,*,#2511,.F.);
#2514=ORIENTED_EDGE('',*,*,#2513,.T.);
#2515=EDGE_LOOP('',(#2502,#2504,#2506,#2508,#2510,#2512,#2514));
#2516=FACE_OUTER_BOUND('',#2515,.F.);
#2518=CARTESIAN_POINT('',(1.6445E1,-4.46E1,4.75E0));
#2519=DIRECTION('',(0.E0,9.993908270191E-1,3.489949670250E-2));
#2520=DIRECTION('',(-1.E0,0.E0,0.E0));
#2521=AXIS2_PLACEMENT_3D('',#2518,#2519,#2520);
#2522=PLANE('',#2521);
#2524=ORIENTED_EDGE('',*,*,#2523,.T.);
#2526=ORIENTED_EDGE('',*,*,#2525,.T.);
#2528=ORIENTED_EDGE('',*,*,#2527,.F.);
#2530=ORIENTED_EDGE('',*,*,#2529,.T.);
#2532=ORIENTED_EDGE('',*,*,#2531,.F.);
#2534=ORIENTED_EDGE('',*,*,#2533,.T.);
#2535=ORIENTED_EDGE('',*,*,#2501,.T.);
#2537=ORIENTED_EDGE('',*,*,#2536,.T.);
#2538=EDGE_LOOP('',(#2524,#2526,#2528,#2530,#2532,#2534,#2535,#2537));
#2539=FACE_OUTER_BOUND('',#2538,.F.);
#2541=CARTESIAN_POINT('',(1.1145E1,-4.46E1,4.75E0));
#2542=DIRECTION('',(9.993908270191E-1,0.E0,3.489949670250E-2));
#2543=DIRECTION('',(0.E0,1.E0,0.E0));
#2544=AXIS2_PLACEMENT_3D('',#2541,#2542,#2543);
#2545=PLANE('',#2544);
#2547=ORIENTED_EDGE('',*,*,#2546,.F.);
#2549=ORIENTED_EDGE('',*,*,#2548,.T.);
#2550=ORIENTED_EDGE('',*,*,#2523,.F.);
#2552=ORIENTED_EDGE('',*,*,#2551,.T.);
#2553=EDGE_LOOP('',(#2547,#2549,#2550,#2552));
#2554=FACE_OUTER_BOUND('',#2553,.F.);
#2556=CARTESIAN_POINT('',(1.1645E1,-1.04E1,5.425E0));
#2557=DIRECTION('',(0.E0,0.E0,1.E0));
#2558=DIRECTION('',(1.E0,0.E0,0.E0));
#2559=AXIS2_PLACEMENT_3D('',#2556,#2557,#2558);
#2560=CONICAL_SURFACE('',#2559,5.235715194069E-1,2.E0);
#2562=ORIENTED_EDGE('',*,*,#2561,.T.);
#2563=ORIENTED_EDGE('',*,*,#2546,.T.);
#2565=ORIENTED_EDGE('',*,*,#2564,.F.);
#2567=ORIENTED_EDGE('',*,*,#2566,.T.);
#2568=EDGE_LOOP('',(#2562,#2563,#2565,#2567));
#2569=FACE_OUTER_BOUND('',#2568,.F.);
#2571=CARTESIAN_POINT('',(1.1645E1,-1.04E1,3.875E0));
#2572=DIRECTION('',(0.E0,0.E0,-1.E0));
#2573=DIRECTION('',(-1.E0,0.E0,0.E0));
#2574=AXIS2_PLACEMENT_3D('',#2571,#2572,#2573);
#2575=CONICAL_SURFACE('',#2574,5.305556733053E-1,2.E0);
#2576=ORIENTED_EDGE('',*,*,#2561,.F.);
#2578=ORIENTED_EDGE('',*,*,#2577,.T.);
#2580=ORIENTED_EDGE('',*,*,#2579,.F.);
#2582=ORIENTED_EDGE('',*,*,#2581,.T.);
#2583=EDGE_LOOP('',(#2576,#2578,#2580,#2582));
#2584=FACE_OUTER_BOUND('',#2583,.F.);
#2586=CARTESIAN_POINT('',(1.6445E1,-9.9E0,4.75E0));
#2587=DIRECTION('',(0.E0,-9.993908270191E-1,-3.489949670250E-2));
#2588=DIRECTION('',(-1.E0,0.E0,0.E0));
#2589=AXIS2_PLACEMENT_3D('',#2586,#2587,#2588);
#2590=PLANE('',#2589);
#2592=ORIENTED_EDGE('',*,*,#2591,.T.);
#2594=ORIENTED_EDGE('',*,*,#2593,.F.);
#2595=ORIENTED_EDGE('',*,*,#2577,.F.);
#2597=ORIENTED_EDGE('',*,*,#2596,.T.);
#2598=EDGE_LOOP('',(#2592,#2594,#2595,#2597));
#2599=FACE_OUTER_BOUND('',#2598,.F.);
#2601=CARTESIAN_POINT('',(1.445136857951E1,-7.906368579508E0,4.967282385706E0));
#2602=DIRECTION('',(-3.487826274237E-2,3.487826274237E-2,-9.987827659587E-1));
#2603=DIRECTION('',(9.993908270191E-1,0.E0,-3.489949670250E-2));
#2604=AXIS2_PLACEMENT_3D('',#2601,#2602,#2603);
#2605=CYLINDRICAL_SURFACE('',#2604,2.E0);
#2606=ORIENTED_EDGE('',*,*,#2591,.F.);
#2608=ORIENTED_EDGE('',*,*,#2607,.T.);
#2610=ORIENTED_EDGE('',*,*,#2609,.F.);
#2612=ORIENTED_EDGE('',*,*,#2611,.F.);
#2613=EDGE_LOOP('',(#2606,#2608,#2610,#2612));
#2614=FACE_OUTER_BOUND('',#2613,.F.);
#2616=CARTESIAN_POINT('',(1.434678203479E1,-7.801782034788E0,7.527684398896E0));
#2617=DIRECTION('',(3.487826274237E-2,-3.487826274237E-2,-9.987827659587E-1));
#2618=DIRECTION('',(9.993908270191E-1,0.E0,3.489949670250E-2));
#2619=AXIS2_PLACEMENT_3D('',#2616,#2617,#2618);
#2620=CYLINDRICAL_SURFACE('',#2619,2.E0);
#2622=ORIENTED_EDGE('',*,*,#2621,.F.);
#2623=ORIENTED_EDGE('',*,*,#2607,.F.);
#2625=ORIENTED_EDGE('',*,*,#2624,.F.);
#2627=ORIENTED_EDGE('',*,*,#2626,.F.);
#2628=EDGE_LOOP('',(#2622,#2623,#2625,#2627));
#2629=FACE_OUTER_BOUND('',#2628,.F.);
#2631=CARTESIAN_POINT('',(1.6445E1,2.15E1,4.75E0));
#2632=DIRECTION('',(9.993908270191E-1,0.E0,3.489949670250E-2));
#2633=DIRECTION('',(0.E0,-1.E0,0.E0));
#2634=AXIS2_PLACEMENT_3D('',#2631,#2632,#2633);
#2635=PLANE('',#2634);
#2636=ORIENTED_EDGE('',*,*,#2621,.T.);
#2638=ORIENTED_EDGE('',*,*,#2637,.T.);
#2640=ORIENTED_EDGE('',*,*,#2639,.F.);
#2642=ORIENTED_EDGE('',*,*,#2641,.F.);
#2643=EDGE_LOOP('',(#2636,#2638,#2640,#2642));
#2644=FACE_OUTER_BOUND('',#2643,.F.);
#2646=CARTESIAN_POINT('',(0.E0,0.E0,7.45E0));
#2647=DIRECTION('',(0.E0,0.E0,1.E0));
#2648=DIRECTION('',(1.E0,0.E0,0.E0));
#2649=AXIS2_PLACEMENT_3D('',#2646,#2647,#2648);
#2650=PLANE('',#2649);
#2651=ORIENTED_EDGE('',*,*,#2626,.T.);
#2653=ORIENTED_EDGE('',*,*,#2652,.F.);
#2654=ORIENTED_EDGE('',*,*,#2509,.F.);
#2656=ORIENTED_EDGE('',*,*,#2655,.F.);
#2658=ORIENTED_EDGE('',*,*,#2657,.T.);
#2660=ORIENTED_EDGE('',*,*,#2659,.T.);
#2662=ORIENTED_EDGE('',*,*,#2661,.T.);
#2664=ORIENTED_EDGE('',*,*,#2663,.T.);
#2666=ORIENTED_EDGE('',*,*,#2665,.T.);
#2668=ORIENTED_EDGE('',*,*,#2667,.T.);
#2670=ORIENTED_EDGE('',*,*,#2669,.T.);
#2672=ORIENTED_EDGE('',*,*,#2671,.F.);
#2674=ORIENTED_EDGE('',*,*,#2673,.F.);
#2676=ORIENTED_EDGE('',*,*,#2675,.T.);
#2678=ORIENTED_EDGE('',*,*,#2677,.T.);
#2680=ORIENTED_EDGE('',*,*,#2679,.F.);
#2682=ORIENTED_EDGE('',*,*,#2681,.F.);
#2684=ORIENTED_EDGE('',*,*,#2683,.T.);
#2686=ORIENTED_EDGE('',*,*,#2685,.T.);
#2688=ORIENTED_EDGE('',*,*,#2687,.F.);
#2689=ORIENTED_EDGE('',*,*,#2637,.F.);
#2690=EDGE_LOOP('',(#2651,#2653,#2654,#2656,#2658,#2660,#2662,#2664,#2666,#2668,
#2670,#2672,#2674,#2676,#2678,#2680,#2682,#2684,#2686,#2688,#2689));
#2691=FACE_OUTER_BOUND('',#2690,.F.);
#2693=CARTESIAN_POINT('',(1.6445E1,-9.9E0,4.75E0));
#2694=DIRECTION('',(0.E0,-9.993908270191E-1,3.489949670250E-2));
#2695=DIRECTION('',(-1.E0,0.E0,0.E0));
#2696=AXIS2_PLACEMENT_3D('',#2693,#2694,#2695);
#2697=PLANE('',#2696);
#2698=ORIENTED_EDGE('',*,*,#2624,.T.);
#2699=ORIENTED_EDGE('',*,*,#2596,.F.);
#2700=ORIENTED_EDGE('',*,*,#2566,.F.);
#2702=ORIENTED_EDGE('',*,*,#2701,.F.);
#2703=ORIENTED_EDGE('',*,*,#2511,.T.);
#2704=ORIENTED_EDGE('',*,*,#2652,.T.);
#2705=EDGE_LOOP('',(#2698,#2699,#2700,#2702,#2703,#2704));
#2706=FACE_OUTER_BOUND('',#2705,.F.);
#2708=CARTESIAN_POINT('',(0.E0,0.E0,6.1E0));
#2709=DIRECTION('',(0.E0,0.E0,1.E0));
#2710=DIRECTION('',(1.E0,0.E0,0.E0));
#2711=AXIS2_PLACEMENT_3D('',#2708,#2709,#2710);
#2712=PLANE('',#2711);
#2713=ORIENTED_EDGE('',*,*,#2551,.F.);
#2714=ORIENTED_EDGE('',*,*,#2536,.F.);
#2715=ORIENTED_EDGE('',*,*,#2513,.F.);
#2716=ORIENTED_EDGE('',*,*,#2701,.T.);
#2717=ORIENTED_EDGE('',*,*,#2564,.T.);
#2718=EDGE_LOOP('',(#2713,#2714,#2715,#2716,#2717));
#2719=FACE_OUTER_BOUND('',#2718,.F.);
#2721=CARTESIAN_POINT('',(1.4445E1,-7.9E0,4.75E0));
#2722=DIRECTION('',(0.E0,9.993908270191E-1,3.489949670250E-2));
#2723=DIRECTION('',(-1.E0,0.E0,0.E0));
#2724=AXIS2_PLACEMENT_3D('',#2721,#2722,#2723);
#2725=PLANE('',#2724);
#2727=ORIENTED_EDGE('',*,*,#2726,.T.);
#2728=ORIENTED_EDGE('',*,*,#2655,.T.);
#2729=ORIENTED_EDGE('',*,*,#2507,.F.);
#2731=ORIENTED_EDGE('',*,*,#2730,.T.);
#2733=ORIENTED_EDGE('',*,*,#2732,.F.);
#2735=ORIENTED_EDGE('',*,*,#2734,.T.);
#2736=EDGE_LOOP('',(#2727,#2728,#2729,#2731,#2733,#2735));
#2737=FACE_OUTER_BOUND('',#2736,.F.);
#2739=CARTESIAN_POINT('',(1.254653198107E1,-6.001531981070E0,7.692405656087E0));
#2740=DIRECTION('',(-3.487826274237E-2,3.487826274237E-2,-9.987827659587E-1));
#2741=DIRECTION('',(9.993908270191E-1,0.E0,-3.489949670250E-2));
#2742=AXIS2_PLACEMENT_3D('',#2739,#2740,#2741);
#2743=CYLINDRICAL_SURFACE('',#2742,2.E0);
#2744=ORIENTED_EDGE('',*,*,#2726,.F.);
#2746=ORIENTED_EDGE('',*,*,#2745,.T.);
#2748=ORIENTED_EDGE('',*,*,#2747,.F.);
#2749=ORIENTED_EDGE('',*,*,#2657,.F.);
#2750=EDGE_LOOP('',(#2744,#2746,#2748,#2749));
#2751=FACE_OUTER_BOUND('',#2750,.F.);
#2753=CARTESIAN_POINT('',(1.244019078848E1,-5.895190788482E0,4.852807669277E0));
#2754=DIRECTION('',(3.487826274238E-2,-3.487826274237E-2,-9.987827659587E-1));
#2755=DIRECTION('',(9.993908270191E-1,0.E0,3.489949670251E-2));
#2756=AXIS2_PLACEMENT_3D('',#2753,#2754,#2755);
#2757=CYLINDRICAL_SURFACE('',#2756,2.E0);
#2759=ORIENTED_EDGE('',*,*,#2758,.F.);
#2760=ORIENTED_EDGE('',*,*,#2745,.F.);
#2762=ORIENTED_EDGE('',*,*,#2761,.F.);
#2764=ORIENTED_EDGE('',*,*,#2763,.F.);
#2765=EDGE_LOOP('',(#2759,#2760,#2762,#2764));
#2766=FACE_OUTER_BOUND('',#2765,.F.);
#2768=CARTESIAN_POINT('',(1.4445E1,1.41E1,4.75E0));
#2769=DIRECTION('',(-9.993908270191E-1,0.E0,-3.489949670250E-2));
#2770=DIRECTION('',(0.E0,-1.E0,0.E0));
#2771=AXIS2_PLACEMENT_3D('',#2768,#2769,#2770);
#2772=PLANE('',#2771);
#2773=ORIENTED_EDGE('',*,*,#2758,.T.);
#2775=ORIENTED_EDGE('',*,*,#2774,.T.);
#2777=ORIENTED_EDGE('',*,*,#2776,.F.);
#2779=ORIENTED_EDGE('',*,*,#2778,.F.);
#2780=EDGE_LOOP('',(#2773,#2775,#2777,#2779));
#2781=FACE_OUTER_BOUND('',#2780,.F.);
#2783=CARTESIAN_POINT('',(0.E0,0.E0,3.E0));
#2784=DIRECTION('',(0.E0,0.E0,1.E0));
#2785=DIRECTION('',(1.E0,0.E0,0.E0));
#2786=AXIS2_PLACEMENT_3D('',#2783,#2784,#2785);
#2787=PLANE('',#2786);
#2788=ORIENTED_EDGE('',*,*,#2611,.T.);
#2790=ORIENTED_EDGE('',*,*,#2789,.T.);
#2792=ORIENTED_EDGE('',*,*,#2791,.F.);
#2793=ORIENTED_EDGE('',*,*,#2774,.F.);
#2794=ORIENTED_EDGE('',*,*,#2763,.T.);
#2796=ORIENTED_EDGE('',*,*,#2795,.F.);
#2798=ORIENTED_EDGE('',*,*,#2797,.T.);
#2800=ORIENTED_EDGE('',*,*,#2799,.T.);
#2802=ORIENTED_EDGE('',*,*,#2801,.T.);
#2804=ORIENTED_EDGE('',*,*,#2803,.F.);
#2806=ORIENTED_EDGE('',*,*,#2805,.T.);
#2807=ORIENTED_EDGE('',*,*,#2579,.T.);
#2808=ORIENTED_EDGE('',*,*,#2593,.T.);
#2809=EDGE_LOOP('',(#2788,#2790,#2792,#2793,#2794,#2796,#2798,#2800,#2802,#2804,
#2806,#2807,#2808));
#2810=FACE_OUTER_BOUND('',#2809,.F.);
#2812=CARTESIAN_POINT('',(1.6445E1,2.15E1,4.75E0));
#2813=DIRECTION('',(9.993908270191E-1,0.E0,-3.489949670250E-2));
#2814=DIRECTION('',(0.E0,-1.E0,0.E0));
#2815=AXIS2_PLACEMENT_3D('',#2812,#2813,#2814);
#2816=PLANE('',#2815);
#2817=ORIENTED_EDGE('',*,*,#2609,.T.);
#2818=ORIENTED_EDGE('',*,*,#2641,.T.);
#2820=ORIENTED_EDGE('',*,*,#2819,.F.);
#2822=ORIENTED_EDGE('',*,*,#2821,.T.);
#2824=ORIENTED_EDGE('',*,*,#2823,.T.);
#2825=ORIENTED_EDGE('',*,*,#2789,.F.);
#2826=EDGE_LOOP('',(#2817,#2818,#2820,#2822,#2824,#2825));
#2827=FACE_OUTER_BOUND('',#2826,.F.);
#2829=CARTESIAN_POINT('',(1.2855E1,2.15E1,4.75E0));
#2830=DIRECTION('',(0.E0,-9.993908270191E-1,3.489949670250E-2));
#2831=DIRECTION('',(-1.E0,0.E0,0.E0));
#2832=AXIS2_PLACEMENT_3D('',#2829,#2830,#2831);
#2833=PLANE('',#2832);
#2835=ORIENTED_EDGE('',*,*,#2834,.F.);
#2837=ORIENTED_EDGE('',*,*,#2836,.T.);
#2839=ORIENTED_EDGE('',*,*,#2838,.T.);
#2840=ORIENTED_EDGE('',*,*,#2819,.T.);
#2842=ORIENTED_EDGE('',*,*,#2841,.T.);
#2844=ORIENTED_EDGE('',*,*,#2843,.T.);
#2845=EDGE_LOOP('',(#2835,#2837,#2839,#2840,#2842,#2844));
#2846=FACE_OUTER_BOUND('',#2845,.F.);
#2848=CARTESIAN_POINT('',(1.262826217554E1,2.244648235159E1,3.2E0));
#2849=DIRECTION('',(1.E0,0.E0,0.E0));
#2850=DIRECTION('',(0.E0,0.E0,1.E0));
#2851=AXIS2_PLACEMENT_3D('',#2848,#2849,#2850);
#2852=CYLINDRICAL_SURFACE('',#2851,1.E0);
#2854=ORIENTED_EDGE('',*,*,#2853,.T.);
#2856=ORIENTED_EDGE('',*,*,#2855,.F.);
#2857=ORIENTED_EDGE('',*,*,#2834,.T.);
#2859=ORIENTED_EDGE('',*,*,#2858,.F.);
#2860=EDGE_LOOP('',(#2854,#2856,#2857,#2859));
#2861=FACE_OUTER_BOUND('',#2860,.F.);
#2863=CARTESIAN_POINT('',(0.E0,0.E0,4.2E0));
#2864=DIRECTION('',(0.E0,0.E0,-1.E0));
#2865=DIRECTION('',(-1.E0,0.E0,0.E0));
#2866=AXIS2_PLACEMENT_3D('',#2863,#2864,#2865);
#2867=PLANE('',#2866);
#2868=ORIENTED_EDGE('',*,*,#2853,.F.);
#2870=ORIENTED_EDGE('',*,*,#2869,.F.);
#2872=ORIENTED_EDGE('',*,*,#2871,.F.);
#2874=ORIENTED_EDGE('',*,*,#2873,.F.);
#2875=EDGE_LOOP('',(#2868,#2870,#2872,#2874));
#2876=FACE_OUTER_BOUND('',#2875,.F.);
#2878=CARTESIAN_POINT('',(1.4945E1,2.35E1,4.75E0));
#2879=DIRECTION('',(-9.993908270191E-1,0.E0,3.489949670250E-2));
#2880=DIRECTION('',(0.E0,1.E0,0.E0));
#2881=AXIS2_PLACEMENT_3D('',#2878,#2879,#2880);
#2882=PLANE('',#2881);
#2883=ORIENTED_EDGE('',*,*,#2869,.T.);
#2884=ORIENTED_EDGE('',*,*,#2858,.T.);
#2885=ORIENTED_EDGE('',*,*,#2843,.F.);
#2887=ORIENTED_EDGE('',*,*,#2886,.T.);
#2889=ORIENTED_EDGE('',*,*,#2888,.T.);
#2890=EDGE_LOOP('',(#2883,#2884,#2885,#2887,#2889));
#2891=FACE_OUTER_BOUND('',#2890,.F.);
#2893=CARTESIAN_POINT('',(1.4945E1,2.35E1,4.75E0));
#2894=DIRECTION('',(-9.993908270191E-1,0.E0,-3.489949670250E-2));
#2895=DIRECTION('',(0.E0,1.E0,0.E0));
#2896=AXIS2_PLACEMENT_3D('',#2893,#2894,#2895);
#2897=PLANE('',#2896);
#2898=ORIENTED_EDGE('',*,*,#2886,.F.);
#2900=ORIENTED_EDGE('',*,*,#2899,.T.);
#2901=ORIENTED_EDGE('',*,*,#2685,.F.);
#2903=ORIENTED_EDGE('',*,*,#2902,.T.);
#2904=EDGE_LOOP('',(#2898,#2900,#2901,#2903));
#2905=FACE_OUTER_BOUND('',#2904,.F.);
#2907=CARTESIAN_POINT('',(1.2855E1,2.15E1,4.75E0));
#2908=DIRECTION('',(0.E0,-9.993908270191E-1,-3.489949670250E-2));
#2909=DIRECTION('',(-1.E0,0.E0,0.E0));
#2910=AXIS2_PLACEMENT_3D('',#2907,#2908,#2909);
#2911=PLANE('',#2910);
#2912=ORIENTED_EDGE('',*,*,#2899,.F.);
#2913=ORIENTED_EDGE('',*,*,#2841,.F.);
#2914=ORIENTED_EDGE('',*,*,#2639,.T.);
#2915=ORIENTED_EDGE('',*,*,#2687,.T.);
#2916=EDGE_LOOP('',(#2912,#2913,#2914,#2915));
#2917=FACE_OUTER_BOUND('',#2916,.F.);
#2919=CARTESIAN_POINT('',(1.6445E1,2.35E1,4.75E0));
#2920=DIRECTION('',(0.E0,9.993908270191E-1,-3.489949670250E-2));
#2921=DIRECTION('',(1.E0,0.E0,0.E0));
#2922=AXIS2_PLACEMENT_3D('',#2919,#2920,#2921);
#2923=PLANE('',#2922);
#2924=ORIENTED_EDGE('',*,*,#2902,.F.);
#2925=ORIENTED_EDGE('',*,*,#2683,.F.);
#2927=ORIENTED_EDGE('',*,*,#2926,.F.);
#2929=ORIENTED_EDGE('',*,*,#2928,.F.);
#2930=EDGE_LOOP('',(#2924,#2925,#2927,#2929));
#2931=FACE_OUTER_BOUND('',#2930,.F.);
#2933=CARTESIAN_POINT('',(1.6445E1,2.81E1,4.75E0));
#2934=DIRECTION('',(9.993908270191E-1,0.E0,3.489949670250E-2));
#2935=DIRECTION('',(0.E0,-1.E0,0.E0));
#2936=AXIS2_PLACEMENT_3D('',#2933,#2934,#2935);
#2937=PLANE('',#2936);
#2938=ORIENTED_EDGE('',*,*,#2926,.T.);
#2939=ORIENTED_EDGE('',*,*,#2681,.T.);
#2941=ORIENTED_EDGE('',*,*,#2940,.F.);
#2943=ORIENTED_EDGE('',*,*,#2942,.F.);
#2944=EDGE_LOOP('',(#2938,#2939,#2941,#2943));
#2945=FACE_OUTER_BOUND('',#2944,.F.);
#2947=CARTESIAN_POINT('',(1.2855E1,2.81E1,4.75E0));
#2948=DIRECTION('',(0.E0,-9.993908270191E-1,-3.489949670250E-2));
#2949=DIRECTION('',(-1.E0,0.E0,0.E0));
#2950=AXIS2_PLACEMENT_3D('',#2947,#2948,#2949);
#2951=PLANE('',#2950);
#2953=ORIENTED_EDGE('',*,*,#2952,.T.);
#2955=ORIENTED_EDGE('',*,*,#2954,.F.);
#2956=ORIENTED_EDGE('',*,*,#2940,.T.);
#2957=ORIENTED_EDGE('',*,*,#2679,.T.);
#2958=EDGE_LOOP('',(#2953,#2955,#2956,#2957));
#2959=FACE_OUTER_BOUND('',#2958,.F.);
#2961=CARTESIAN_POINT('',(1.4945E1,3.01E1,4.75E0));
#2962=DIRECTION('',(-9.993908270191E-1,0.E0,-3.489949670250E-2));
#2963=DIRECTION('',(0.E0,1.E0,0.E0));
#2964=AXIS2_PLACEMENT_3D('',#2961,#2962,#2963);
#2965=PLANE('',#2964);
#2967=ORIENTED_EDGE('',*,*,#2966,.F.);
#2968=ORIENTED_EDGE('',*,*,#2952,.F.);
#2969=ORIENTED_EDGE('',*,*,#2677,.F.);
#2971=ORIENTED_EDGE('',*,*,#2970,.T.);
#2972=EDGE_LOOP('',(#2967,#2968,#2969,#2971));
#2973=FACE_OUTER_BOUND('',#2972,.F.);
#2975=CARTESIAN_POINT('',(1.4945E1,3.01E1,4.75E0));
#2976=DIRECTION('',(-9.993908270191E-1,0.E0,3.489949670250E-2));
#2977=DIRECTION('',(0.E0,1.E0,0.E0));
#2978=AXIS2_PLACEMENT_3D('',#2975,#2976,#2977);
#2979=PLANE('',#2978);
#2981=ORIENTED_EDGE('',*,*,#2980,.F.);
#2983=ORIENTED_EDGE('',*,*,#2982,.T.);
#2985=ORIENTED_EDGE('',*,*,#2984,.T.);
#2987=ORIENTED_EDGE('',*,*,#2986,.F.);
#2988=ORIENTED_EDGE('',*,*,#2966,.T.);
#2989=EDGE_LOOP('',(#2981,#2983,#2985,#2987,#2988));
#2990=FACE_OUTER_BOUND('',#2989,.F.);
#2992=CARTESIAN_POINT('',(1.2855E1,3.01E1,4.75E0));
#2993=DIRECTION('',(0.E0,9.993908270191E-1,3.489949670250E-2));
#2994=DIRECTION('',(-1.E0,0.E0,0.E0));
#2995=AXIS2_PLACEMENT_3D('',#2992,#2993,#2994);
#2996=PLANE('',#2995);
#2998=ORIENTED_EDGE('',*,*,#2997,.F.);
#2999=ORIENTED_EDGE('',*,*,#2980,.T.);
#3001=ORIENTED_EDGE('',*,*,#3000,.F.);
#3003=ORIENTED_EDGE('',*,*,#3002,.T.);
#3005=ORIENTED_EDGE('',*,*,#3004,.T.);
#3007=ORIENTED_EDGE('',*,*,#3006,.T.);
#3008=EDGE_LOOP('',(#2998,#2999,#3001,#3003,#3005,#3007));
#3009=FACE_OUTER_BOUND('',#3008,.F.);
#3011=CARTESIAN_POINT('',(1.661828209287E1,2.915351764841E1,3.2E0));
#3012=DIRECTION('',(-1.E0,0.E0,0.E0));
#3013=DIRECTION('',(0.E0,0.E0,1.E0));
#3014=AXIS2_PLACEMENT_3D('',#3011,#3012,#3013);
#3015=CYLINDRICAL_SURFACE('',#3014,1.E0);
#3017=ORIENTED_EDGE('',*,*,#3016,.T.);
#3018=ORIENTED_EDGE('',*,*,#2982,.F.);
#3019=ORIENTED_EDGE('',*,*,#2997,.T.);
#3021=ORIENTED_EDGE('',*,*,#3020,.F.);
#3022=EDGE_LOOP('',(#3017,#3018,#3019,#3021));
#3023=FACE_OUTER_BOUND('',#3022,.F.);
#3025=CARTESIAN_POINT('',(0.E0,0.E0,4.2E0));
#3026=DIRECTION('',(0.E0,0.E0,-1.E0));
#3027=DIRECTION('',(-1.E0,0.E0,0.E0));
#3028=AXIS2_PLACEMENT_3D('',#3025,#3026,#3027);
#3029=PLANE('',#3028);
#3030=ORIENTED_EDGE('',*,*,#3016,.F.);
#3032=ORIENTED_EDGE('',*,*,#3031,.F.);
#3034=ORIENTED_EDGE('',*,*,#3033,.F.);
#3035=ORIENTED_EDGE('',*,*,#2984,.F.);
#3036=EDGE_LOOP('',(#3030,#3032,#3034,#3035));
#3037=FACE_OUTER_BOUND('',#3036,.F.);
#3039=CARTESIAN_POINT('',(1.2855E1,4.15E1,4.75E0));
#3040=DIRECTION('',(-9.993908270191E-1,0.E0,-3.489949670250E-2));
#3041=DIRECTION('',(0.E0,-1.E0,0.E0));
#3042=AXIS2_PLACEMENT_3D('',#3039,#3040,#3041);
#3043=PLANE('',#3042);
#3044=ORIENTED_EDGE('',*,*,#3031,.T.);
#3045=ORIENTED_EDGE('',*,*,#3020,.T.);
#3046=ORIENTED_EDGE('',*,*,#3006,.F.);
#3048=ORIENTED_EDGE('',*,*,#3047,.T.);
#3050=ORIENTED_EDGE('',*,*,#3049,.F.);
#3052=ORIENTED_EDGE('',*,*,#3051,.T.);
#3054=ORIENTED_EDGE('',*,*,#3053,.T.);
#3056=ORIENTED_EDGE('',*,*,#3055,.T.);
#3058=ORIENTED_EDGE('',*,*,#3057,.T.);
#3060=ORIENTED_EDGE('',*,*,#3059,.T.);
#3062=ORIENTED_EDGE('',*,*,#3061,.T.);
#3064=ORIENTED_EDGE('',*,*,#3063,.F.);
#3066=ORIENTED_EDGE('',*,*,#3065,.T.);
#3067=ORIENTED_EDGE('',*,*,#2836,.F.);
#3068=ORIENTED_EDGE('',*,*,#2855,.T.);
#3069=ORIENTED_EDGE('',*,*,#2873,.T.);
#3071=ORIENTED_EDGE('',*,*,#3070,.T.);
#3073=ORIENTED_EDGE('',*,*,#3072,.T.);
#3075=ORIENTED_EDGE('',*,*,#3074,.F.);
#3076=EDGE_LOOP('',(#3044,#3045,#3046,#3048,#3050,#3052,#3054,#3056,#3058,#3060,
#3062,#3064,#3066,#3067,#3068,#3069,#3071,#3073,#3075));
#3077=FACE_OUTER_BOUND('',#3076,.F.);
#3079=CARTESIAN_POINT('',(0.E0,0.E0,1.E0));
#3080=DIRECTION('',(0.E0,0.E0,1.E0));
#3081=DIRECTION('',(1.E0,0.E0,0.E0));
#3082=AXIS2_PLACEMENT_3D('',#3079,#3080,#3081);
#3083=PLANE('',#3082);
#3085=ORIENTED_EDGE('',*,*,#3084,.F.);
#3086=ORIENTED_EDGE('',*,*,#3047,.F.);
#3087=ORIENTED_EDGE('',*,*,#3004,.F.);
#3089=ORIENTED_EDGE('',*,*,#3088,.T.);
#3090=EDGE_LOOP('',(#3085,#3086,#3087,#3089));
#3091=FACE_OUTER_BOUND('',#3090,.F.);
#3093=CARTESIAN_POINT('',(-5.9320404E1,4.15E1,1.E0));
#3094=DIRECTION('',(1.E0,0.E0,0.E0));
#3095=DIRECTION('',(0.E0,0.E0,1.E0));
#3096=AXIS2_PLACEMENT_3D('',#3093,#3094,#3095);
#3097=CYLINDRICAL_SURFACE('',#3096,2.E0);
#3099=ORIENTED_EDGE('',*,*,#3098,.T.);
#3100=ORIENTED_EDGE('',*,*,#3049,.T.);
#3101=ORIENTED_EDGE('',*,*,#3084,.T.);
#3103=ORIENTED_EDGE('',*,*,#3102,.T.);
#3104=EDGE_LOOP('',(#3099,#3100,#3101,#3103));
#3105=FACE_OUTER_BOUND('',#3104,.F.);
#3107=CARTESIAN_POINT('',(0.E0,0.E0,3.E0));
#3108=DIRECTION('',(0.E0,0.E0,1.E0));
#3109=DIRECTION('',(1.E0,0.E0,0.E0));
#3110=AXIS2_PLACEMENT_3D('',#3107,#3108,#3109);
#3111=PLANE('',#3110);
#3113=ORIENTED_EDGE('',*,*,#3112,.T.);
#3115=ORIENTED_EDGE('',*,*,#3114,.T.);
#3117=ORIENTED_EDGE('',*,*,#3116,.T.);
#3119=ORIENTED_EDGE('',*,*,#3118,.F.);
#3121=ORIENTED_EDGE('',*,*,#3120,.F.);
#3123=ORIENTED_EDGE('',*,*,#3122,.T.);
#3125=ORIENTED_EDGE('',*,*,#3124,.T.);
#3127=ORIENTED_EDGE('',*,*,#3126,.T.);
#3129=ORIENTED_EDGE('',*,*,#3128,.F.);
#3131=ORIENTED_EDGE('',*,*,#3130,.F.);
#3133=ORIENTED_EDGE('',*,*,#3132,.F.);
#3134=ORIENTED_EDGE('',*,*,#3051,.F.);
#3135=ORIENTED_EDGE('',*,*,#3098,.F.);
#3137=ORIENTED_EDGE('',*,*,#3136,.T.);
#3139=ORIENTED_EDGE('',*,*,#3138,.F.);
#3141=ORIENTED_EDGE('',*,*,#3140,.T.);
#3142=EDGE_LOOP('',(#3113,#3115,#3117,#3119,#3121,#3123,#3125,#3127,#3129,#3131,
#3133,#3134,#3135,#3137,#3139,#3141));
#3143=FACE_OUTER_BOUND('',#3142,.F.);
#3145=CARTESIAN_POINT('',(1.476953054325E1,4.27E1,5.E0));
#3146=DIRECTION('',(0.E0,-9.993908270191E-1,3.489949670250E-2));
#3147=DIRECTION('',(-1.E0,0.E0,0.E0));
#3148=AXIS2_PLACEMENT_3D('',#3145,#3146,#3147);
#3149=PLANE('',#3148);
#3150=ORIENTED_EDGE('',*,*,#3112,.F.);
#3152=ORIENTED_EDGE('',*,*,#3151,.T.);
#3154=ORIENTED_EDGE('',*,*,#3153,.T.);
#3156=ORIENTED_EDGE('',*,*,#3155,.F.);
#3157=EDGE_LOOP('',(#3150,#3152,#3154,#3156));
#3158=FACE_OUTER_BOUND('',#3157,.F.);
#3160=CARTESIAN_POINT('',(1.2445E1,2.564604932610E1,5.E0));
#3161=DIRECTION('',(9.993908270191E-1,0.E0,3.489949670250E-2));
#3162=DIRECTION('',(0.E0,-1.E0,0.E0));
#3163=AXIS2_PLACEMENT_3D('',#3160,#3161,#3162);
#3164=PLANE('',#3163);
#3165=ORIENTED_EDGE('',*,*,#3118,.T.);
#3167=ORIENTED_EDGE('',*,*,#3166,.T.);
#3169=ORIENTED_EDGE('',*,*,#3168,.T.);
#3170=ORIENTED_EDGE('',*,*,#3151,.F.);
#3171=ORIENTED_EDGE('',*,*,#3140,.F.);
#3173=ORIENTED_EDGE('',*,*,#3172,.F.);
#3175=ORIENTED_EDGE('',*,*,#3174,.T.);
#3177=ORIENTED_EDGE('',*,*,#3176,.T.);
#3178=EDGE_LOOP('',(#3165,#3167,#3169,#3170,#3171,#3173,#3175,#3177));
#3179=FACE_OUTER_BOUND('',#3178,.F.);
#3181=CARTESIAN_POINT('',(-3.269530543249E0,4.882E1,5.E0));
#3182=DIRECTION('',(0.E0,9.993908270191E-1,3.489949670250E-2));
#3183=DIRECTION('',(1.E0,0.E0,0.E0));
#3184=AXIS2_PLACEMENT_3D('',#3181,#3182,#3183);
#3185=PLANE('',#3184);
#3186=ORIENTED_EDGE('',*,*,#3116,.F.);
#3188=ORIENTED_EDGE('',*,*,#3187,.T.);
#3190=ORIENTED_EDGE('',*,*,#3189,.T.);
#3191=ORIENTED_EDGE('',*,*,#3166,.F.);
#3192=EDGE_LOOP('',(#3186,#3188,#3190,#3191));
#3193=FACE_OUTER_BOUND('',#3192,.F.);
#3195=CARTESIAN_POINT('',(-9.45E-1,4.037546945675E1,5.E0));
#3196=DIRECTION('',(-9.993908270191E-1,0.E0,3.489949670250E-2));
#3197=DIRECTION('',(0.E0,1.E0,0.E0));
#3198=AXIS2_PLACEMENT_3D('',#3195,#3196,#3197);
#3199=PLANE('',#3198);
#3200=ORIENTED_EDGE('',*,*,#3114,.F.);
#3201=ORIENTED_EDGE('',*,*,#3155,.T.);
#3203=ORIENTED_EDGE('',*,*,#3202,.T.);
#3204=ORIENTED_EDGE('',*,*,#3187,.F.);
#3205=EDGE_LOOP('',(#3200,#3201,#3203,#3204));
#3206=FACE_OUTER_BOUND('',#3205,.F.);
#3208=CARTESIAN_POINT('',(0.E0,0.E0,5.E0));
#3209=DIRECTION('',(0.E0,0.E0,-1.E0));
#3210=DIRECTION('',(-1.E0,0.E0,0.E0));
#3211=AXIS2_PLACEMENT_3D('',#3208,#3209,#3210);
#3212=PLANE('',#3211);
#3213=ORIENTED_EDGE('',*,*,#3153,.F.);
#3214=ORIENTED_EDGE('',*,*,#3168,.F.);
#3215=ORIENTED_EDGE('',*,*,#3189,.F.);
#3216=ORIENTED_EDGE('',*,*,#3202,.F.);
#3217=EDGE_LOOP('',(#3213,#3214,#3215,#3216));
#3218=FACE_OUTER_BOUND('',#3217,.F.);
#3220=CARTESIAN_POINT('',(2.063569441755E1,4.582E1,5.E0));
#3221=DIRECTION('',(0.E0,9.993908270191E-1,3.489949670250E-2));
#3222=DIRECTION('',(1.E0,0.E0,0.E0));
#3223=AXIS2_PLACEMENT_3D('',#3220,#3221,#3222);
#3224=PLANE('',#3223);
#3225=ORIENTED_EDGE('',*,*,#3138,.T.);
#3227=ORIENTED_EDGE('',*,*,#3226,.T.);
#3229=ORIENTED_EDGE('',*,*,#3228,.F.);
#3230=ORIENTED_EDGE('',*,*,#3172,.T.);
#3231=EDGE_LOOP('',(#3225,#3227,#3229,#3230));
#3232=FACE_OUTER_BOUND('',#3231,.F.);
#3234=CARTESIAN_POINT('',(1.6445E1,3.01E1,4.75E0));
#3235=DIRECTION('',(9.993908270191E-1,0.E0,-3.489949670250E-2));
#3236=DIRECTION('',(0.E0,1.E0,0.E0));
#3237=AXIS2_PLACEMENT_3D('',#3234,#3235,#3236);
#3238=PLANE('',#3237);
#3240=ORIENTED_EDGE('',*,*,#3239,.T.);
#3242=ORIENTED_EDGE('',*,*,#3241,.T.);
#3244=ORIENTED_EDGE('',*,*,#3243,.T.);
#3246=ORIENTED_EDGE('',*,*,#3245,.F.);
#3248=ORIENTED_EDGE('',*,*,#3247,.F.);
#3249=ORIENTED_EDGE('',*,*,#3226,.F.);
#3250=ORIENTED_EDGE('',*,*,#3136,.F.);
#3251=ORIENTED_EDGE('',*,*,#3102,.F.);
#3252=ORIENTED_EDGE('',*,*,#3088,.F.);
#3253=ORIENTED_EDGE('',*,*,#3002,.F.);
#3254=EDGE_LOOP('',(#3240,#3242,#3244,#3246,#3248,#3249,#3250,#3251,#3252,
#3253));
#3255=FACE_OUTER_BOUND('',#3254,.F.);
#3257=CARTESIAN_POINT('',(1.6445E1,3.01E1,4.75E0));
#3258=DIRECTION('',(9.993908270191E-1,0.E0,3.489949670250E-2));
#3259=DIRECTION('',(0.E0,1.E0,0.E0));
#3260=AXIS2_PLACEMENT_3D('',#3257,#3258,#3259);
#3261=PLANE('',#3260);
#3263=ORIENTED_EDGE('',*,*,#3262,.T.);
#3265=ORIENTED_EDGE('',*,*,#3264,.T.);
#3266=ORIENTED_EDGE('',*,*,#3239,.F.);
#3268=ORIENTED_EDGE('',*,*,#3267,.F.);
#3269=ORIENTED_EDGE('',*,*,#2673,.T.);
#3270=EDGE_LOOP('',(#3263,#3265,#3266,#3268,#3269));
#3271=FACE_OUTER_BOUND('',#3270,.F.);
#3273=CARTESIAN_POINT('',(9.137022178221E0,3.15E1,4.75E0));
#3274=DIRECTION('',(0.E0,-9.993908270191E-1,-3.489949670250E-2));
#3275=DIRECTION('',(1.E0,0.E0,0.E0));
#3276=AXIS2_PLACEMENT_3D('',#3273,#3274,#3275);
#3277=PLANE('',#3276);
#3279=ORIENTED_EDGE('',*,*,#3278,.F.);
#3280=ORIENTED_EDGE('',*,*,#3262,.F.);
#3281=ORIENTED_EDGE('',*,*,#2671,.T.);
#3283=ORIENTED_EDGE('',*,*,#3282,.F.);
#3284=EDGE_LOOP('',(#3279,#3280,#3281,#3283));
#3285=FACE_OUTER_BOUND('',#3284,.F.);
#3287=CARTESIAN_POINT('',(1.660818888042E1,3.343137754961E1,6.75E0));
#3288=DIRECTION('',(-1.E0,0.E0,0.E0));
#3289=DIRECTION('',(0.E0,0.E0,-1.E0));
#3290=AXIS2_PLACEMENT_3D('',#3287,#3288,#3289);
#3291=CYLINDRICAL_SURFACE('',#3290,2.E0);
#3293=ORIENTED_EDGE('',*,*,#3292,.T.);
#3294=ORIENTED_EDGE('',*,*,#3264,.F.);
#3295=ORIENTED_EDGE('',*,*,#3278,.T.);
#3297=ORIENTED_EDGE('',*,*,#3296,.F.);
#3298=EDGE_LOOP('',(#3293,#3294,#3295,#3297));
#3299=FACE_OUTER_BOUND('',#3298,.F.);
#3301=CARTESIAN_POINT('',(0.E0,0.E0,4.75E0));
#3302=DIRECTION('',(0.E0,0.E0,1.E0));
#3303=DIRECTION('',(1.E0,0.E0,0.E0));
#3304=AXIS2_PLACEMENT_3D('',#3301,#3302,#3303);
#3305=PLANE('',#3304);
#3306=ORIENTED_EDGE('',*,*,#3292,.F.);
#3307=ORIENTED_EDGE('',*,*,#3059,.F.);
#3309=ORIENTED_EDGE('',*,*,#3308,.F.);
#3310=ORIENTED_EDGE('',*,*,#3241,.F.);
#3311=EDGE_LOOP('',(#3306,#3307,#3309,#3310));
#3312=FACE_OUTER_BOUND('',#3311,.F.);
#3314=CARTESIAN_POINT('',(-1.664452278262E1,3.876862245039E1,6.75E0));
#3315=DIRECTION('',(1.E0,0.E0,0.E0));
#3316=DIRECTION('',(0.E0,0.E0,-1.E0));
#3317=AXIS2_PLACEMENT_3D('',#3314,#3315,#3316);
#3318=CYLINDRICAL_SURFACE('',#3317,2.E0);
#3319=ORIENTED_EDGE('',*,*,#3308,.T.);
#3320=ORIENTED_EDGE('',*,*,#3057,.F.);
#3322=ORIENTED_EDGE('',*,*,#3321,.T.);
#3324=ORIENTED_EDGE('',*,*,#3323,.F.);
#3325=EDGE_LOOP('',(#3319,#3320,#3322,#3324));
#3326=FACE_OUTER_BOUND('',#3325,.F.);
#3328=CARTESIAN_POINT('',(1.6445E1,4.07E1,4.75E0));
#3329=DIRECTION('',(0.E0,9.993908270191E-1,-3.489949670250E-2));
#3330=DIRECTION('',(1.E0,0.E0,0.E0));
#3331=AXIS2_PLACEMENT_3D('',#3328,#3329,#3330);
#3332=PLANE('',#3331);
#3333=ORIENTED_EDGE('',*,*,#3321,.F.);
#3334=ORIENTED_EDGE('',*,*,#3055,.F.);
#3336=ORIENTED_EDGE('',*,*,#3335,.F.);
#3338=ORIENTED_EDGE('',*,*,#3337,.T.);
#3340=ORIENTED_EDGE('',*,*,#3339,.T.);
#3342=ORIENTED_EDGE('',*,*,#3341,.F.);
#3343=EDGE_LOOP('',(#3333,#3334,#3336,#3338,#3340,#3342));
#3344=FACE_OUTER_BOUND('',#3343,.F.);
#3346=CARTESIAN_POINT('',(1.6445E1,4.07E1,4.75E0));
#3347=DIRECTION('',(0.E0,9.993908270191E-1,3.489949670250E-2));
#3348=DIRECTION('',(1.E0,0.E0,0.E0));
#3349=AXIS2_PLACEMENT_3D('',#3346,#3347,#3348);
#3350=PLANE('',#3349);
#3351=ORIENTED_EDGE('',*,*,#3335,.T.);
#3352=ORIENTED_EDGE('',*,*,#3053,.F.);
#3353=ORIENTED_EDGE('',*,*,#3132,.T.);
#3355=ORIENTED_EDGE('',*,*,#3354,.T.);
#3356=EDGE_LOOP('',(#3351,#3352,#3353,#3355));
#3357=FACE_OUTER_BOUND('',#3356,.F.);
#3359=CARTESIAN_POINT('',(-1.6445E1,4.07E1,4.75E0));
#3360=DIRECTION('',(-9.993908270191E-1,0.E0,-3.489949670250E-2));
#3361=DIRECTION('',(0.E0,1.E0,0.E0));
#3362=AXIS2_PLACEMENT_3D('',#3359,#3360,#3361);
#3363=PLANE('',#3362);
#3365=ORIENTED_EDGE('',*,*,#3364,.F.);
#3367=ORIENTED_EDGE('',*,*,#3366,.T.);
#3368=ORIENTED_EDGE('',*,*,#3354,.F.);
#3369=ORIENTED_EDGE('',*,*,#3130,.T.);
#3371=ORIENTED_EDGE('',*,*,#3370,.F.);
#3373=ORIENTED_EDGE('',*,*,#3372,.F.);
#3374=EDGE_LOOP('',(#3365,#3367,#3368,#3369,#3371,#3373));
#3375=FACE_OUTER_BOUND('',#3374,.F.);
#3377=CARTESIAN_POINT('',(-1.6445E1,5.082E1,4.75E0));
#3378=DIRECTION('',(0.E0,9.993908270191E-1,-3.489949670250E-2));
#3379=DIRECTION('',(1.E0,0.E0,0.E0));
#3380=AXIS2_PLACEMENT_3D('',#3377,#3378,#3379);
#3381=PLANE('',#3380);
#3383=ORIENTED_EDGE('',*,*,#3382,.F.);
#3385=ORIENTED_EDGE('',*,*,#3384,.T.);
#3386=ORIENTED_EDGE('',*,*,#3364,.T.);
#3388=ORIENTED_EDGE('',*,*,#3387,.F.);
#3389=EDGE_LOOP('',(#3383,#3385,#3386,#3388));
#3390=FACE_OUTER_BOUND('',#3389,.F.);
#3392=CARTESIAN_POINT('',(-1.199561968829E1,5.082E1,4.75E0));
#3393=DIRECTION('',(-9.993908270191E-1,0.E0,3.489949670250E-2));
#3394=DIRECTION('',(0.E0,1.E0,0.E0));
#3395=AXIS2_PLACEMENT_3D('',#3392,#3393,#3394);
#3396=PLANE('',#3395);
#3398=ORIENTED_EDGE('',*,*,#3397,.T.);
#3400=ORIENTED_EDGE('',*,*,#3399,.T.);
#3401=ORIENTED_EDGE('',*,*,#3382,.T.);
#3403=ORIENTED_EDGE('',*,*,#3402,.T.);
#3405=ORIENTED_EDGE('',*,*,#3404,.T.);
#3406=ORIENTED_EDGE('',*,*,#3126,.F.);
#3407=EDGE_LOOP('',(#3398,#3400,#3401,#3403,#3405,#3406));
#3408=FACE_OUTER_BOUND('',#3407,.F.);
#3410=CARTESIAN_POINT('',(-1.202616605192E1,4.282E1,4.75E0));
#3411=DIRECTION('',(0.E0,-9.993908270191E-1,3.489949670250E-2));
#3412=DIRECTION('',(-1.E0,0.E0,0.E0));
#3413=AXIS2_PLACEMENT_3D('',#3410,#3411,#3412);
#3414=PLANE('',#3413);
#3416=ORIENTED_EDGE('',*,*,#3415,.F.);
#3418=ORIENTED_EDGE('',*,*,#3417,.T.);
#3419=ORIENTED_EDGE('',*,*,#3397,.F.);
#3420=ORIENTED_EDGE('',*,*,#3124,.F.);
#3421=EDGE_LOOP('',(#3416,#3418,#3419,#3420));
#3422=FACE_OUTER_BOUND('',#3421,.F.);
#3424=CARTESIAN_POINT('',(-2.894380311708E0,4.282E1,4.75E0));
#3425=DIRECTION('',(9.993908270191E-1,0.E0,3.489949670250E-2));
#3426=DIRECTION('',(0.E0,-1.E0,0.E0));
#3427=AXIS2_PLACEMENT_3D('',#3424,#3425,#3426);
#3428=PLANE('',#3427);
#3430=ORIENTED_EDGE('',*,*,#3429,.T.);
#3432=ORIENTED_EDGE('',*,*,#3431,.T.);
#3433=ORIENTED_EDGE('',*,*,#3415,.T.);
#3434=ORIENTED_EDGE('',*,*,#3122,.F.);
#3435=EDGE_LOOP('',(#3430,#3432,#3433,#3434));
#3436=FACE_OUTER_BOUND('',#3435,.F.);
#3438=CARTESIAN_POINT('',(1.6445E1,5.082E1,4.75E0));
#3439=DIRECTION('',(0.E0,9.993908270191E-1,-3.489949670250E-2));
#3440=DIRECTION('',(-1.E0,0.E0,0.E0));
#3441=AXIS2_PLACEMENT_3D('',#3438,#3439,#3440);
#3442=PLANE('',#3441);
#3444=ORIENTED_EDGE('',*,*,#3443,.F.);
#3445=ORIENTED_EDGE('',*,*,#3429,.F.);
#3446=ORIENTED_EDGE('',*,*,#3120,.T.);
#3447=ORIENTED_EDGE('',*,*,#3176,.F.);
#3449=ORIENTED_EDGE('',*,*,#3448,.F.);
#3450=ORIENTED_EDGE('',*,*,#3245,.T.);
#3451=EDGE_LOOP('',(#3444,#3445,#3446,#3447,#3449,#3450));
#3452=FACE_OUTER_BOUND('',#3451,.F.);
#3454=CARTESIAN_POINT('',(1.6445E1,5.082E1,4.75E0));
#3455=DIRECTION('',(0.E0,9.993908270191E-1,3.489949670250E-2));
#3456=DIRECTION('',(-1.E0,0.E0,0.E0));
#3457=AXIS2_PLACEMENT_3D('',#3454,#3455,#3456);
#3458=PLANE('',#3457);
#3459=ORIENTED_EDGE('',*,*,#3443,.T.);
#3461=ORIENTED_EDGE('',*,*,#3460,.T.);
#3463=ORIENTED_EDGE('',*,*,#3462,.T.);
#3465=ORIENTED_EDGE('',*,*,#3464,.F.);
#3466=EDGE_LOOP('',(#3459,#3461,#3463,#3465));
#3467=FACE_OUTER_BOUND('',#3466,.F.);
#3469=CARTESIAN_POINT('',(1.6445E1,3.01E1,4.75E0));
#3470=DIRECTION('',(9.993908270191E-1,0.E0,3.489949670250E-2));
#3471=DIRECTION('',(0.E0,1.E0,0.E0));
#3472=AXIS2_PLACEMENT_3D('',#3469,#3470,#3471);
#3473=PLANE('',#3472);
#3474=ORIENTED_EDGE('',*,*,#3243,.F.);
#3475=ORIENTED_EDGE('',*,*,#3323,.T.);
#3476=ORIENTED_EDGE('',*,*,#3341,.T.);
#3478=ORIENTED_EDGE('',*,*,#3477,.T.);
#3479=ORIENTED_EDGE('',*,*,#3460,.F.);
#3480=EDGE_LOOP('',(#3474,#3475,#3476,#3478,#3479));
#3481=FACE_OUTER_BOUND('',#3480,.F.);
#3483=CARTESIAN_POINT('',(0.E0,0.E0,7.65E0));
#3484=DIRECTION('',(0.E0,0.E0,1.E0));
#3485=DIRECTION('',(1.E0,0.E0,0.E0));
#3486=AXIS2_PLACEMENT_3D('',#3483,#3484,#3485);
#3487=PLANE('',#3486);
#3489=ORIENTED_EDGE('',*,*,#3488,.F.);
#3491=ORIENTED_EDGE('',*,*,#3490,.F.);
#3493=ORIENTED_EDGE('',*,*,#3492,.F.);
#3495=ORIENTED_EDGE('',*,*,#3494,.F.);
#3497=ORIENTED_EDGE('',*,*,#3496,.F.);
#3498=ORIENTED_EDGE('',*,*,#3462,.F.);
#3499=ORIENTED_EDGE('',*,*,#3477,.F.);
#3500=ORIENTED_EDGE('',*,*,#3339,.F.);
#3501=EDGE_LOOP('',(#3489,#3491,#3493,#3495,#3497,#3498,#3499,#3500));
#3502=FACE_OUTER_BOUND('',#3501,.F.);
#3504=ORIENTED_EDGE('',*,*,#3503,.T.);
#3506=ORIENTED_EDGE('',*,*,#3505,.T.);
#3507=EDGE_LOOP('',(#3504,#3506));
#3508=FACE_BOUND('',#3507,.F.);
#3510=ORIENTED_EDGE('',*,*,#3509,.T.);
#3512=ORIENTED_EDGE('',*,*,#3511,.T.);
#3513=EDGE_LOOP('',(#3510,#3512));
#3514=FACE_BOUND('',#3513,.F.);
#3516=CARTESIAN_POINT('',(-1.6445E1,4.07E1,4.75E0));
#3517=DIRECTION('',(-9.993908270191E-1,0.E0,3.489949670250E-2));
#3518=DIRECTION('',(0.E0,1.E0,0.E0));
#3519=AXIS2_PLACEMENT_3D('',#3516,#3517,#3518);
#3520=PLANE('',#3519);
#3522=ORIENTED_EDGE('',*,*,#3521,.F.);
#3523=ORIENTED_EDGE('',*,*,#3488,.T.);
#3524=ORIENTED_EDGE('',*,*,#3337,.F.);
#3525=ORIENTED_EDGE('',*,*,#3366,.F.);
#3526=EDGE_LOOP('',(#3522,#3523,#3524,#3525));
#3527=FACE_OUTER_BOUND('',#3526,.F.);
#3529=CARTESIAN_POINT('',(-1.6445E1,5.082E1,4.75E0));
#3530=DIRECTION('',(0.E0,9.993908270191E-1,3.489949670250E-2));
#3531=DIRECTION('',(1.E0,0.E0,0.E0));
#3532=AXIS2_PLACEMENT_3D('',#3529,#3530,#3531);
#3533=PLANE('',#3532);
#3535=ORIENTED_EDGE('',*,*,#3534,.F.);
#3536=ORIENTED_EDGE('',*,*,#3490,.T.);
#3537=ORIENTED_EDGE('',*,*,#3521,.T.);
#3538=ORIENTED_EDGE('',*,*,#3384,.F.);
#3539=EDGE_LOOP('',(#3535,#3536,#3537,#3538));
#3540=FACE_OUTER_BOUND('',#3539,.F.);
#3542=CARTESIAN_POINT('',(-1.199561968829E1,5.082E1,4.75E0));
#3543=DIRECTION('',(-9.993908270191E-1,0.E0,-3.489949670250E-2));
#3544=DIRECTION('',(0.E0,1.E0,0.E0));
#3545=AXIS2_PLACEMENT_3D('',#3542,#3543,#3544);
#3546=PLANE('',#3545);
#3548=ORIENTED_EDGE('',*,*,#3547,.T.);
#3549=ORIENTED_EDGE('',*,*,#3492,.T.);
#3550=ORIENTED_EDGE('',*,*,#3534,.T.);
#3551=ORIENTED_EDGE('',*,*,#3399,.F.);
#3552=EDGE_LOOP('',(#3548,#3549,#3550,#3551));
#3553=FACE_OUTER_BOUND('',#3552,.F.);
#3555=CARTESIAN_POINT('',(-1.202616605192E1,4.282E1,4.75E0));
#3556=DIRECTION('',(0.E0,-9.993908270191E-1,-3.489949670250E-2));
#3557=DIRECTION('',(-1.E0,0.E0,0.E0));
#3558=AXIS2_PLACEMENT_3D('',#3555,#3556,#3557);
#3559=PLANE('',#3558);
#3561=ORIENTED_EDGE('',*,*,#3560,.F.);
#3562=ORIENTED_EDGE('',*,*,#3494,.T.);
#3563=ORIENTED_EDGE('',*,*,#3547,.F.);
#3564=ORIENTED_EDGE('',*,*,#3417,.F.);
#3565=EDGE_LOOP('',(#3561,#3562,#3563,#3564));
#3566=FACE_OUTER_BOUND('',#3565,.F.);
#3568=CARTESIAN_POINT('',(-2.894380311708E0,4.282E1,4.75E0));
#3569=DIRECTION('',(9.993908270191E-1,0.E0,-3.489949670250E-2));
#3570=DIRECTION('',(0.E0,-1.E0,0.E0));
#3571=AXIS2_PLACEMENT_3D('',#3568,#3569,#3570);
#3572=PLANE('',#3571);
#3573=ORIENTED_EDGE('',*,*,#3464,.T.);
#3574=ORIENTED_EDGE('',*,*,#3496,.T.);
#3575=ORIENTED_EDGE('',*,*,#3560,.T.);
#3576=ORIENTED_EDGE('',*,*,#3431,.F.);
#3577=EDGE_LOOP('',(#3573,#3574,#3575,#3576));
#3578=FACE_OUTER_BOUND('',#3577,.F.);
#3580=CARTESIAN_POINT('',(-1.4365E1,4.757E1,7.65E0));
#3581=DIRECTION('',(0.E0,0.E0,1.E0));
#3582=DIRECTION('',(1.E0,0.E0,0.E0));
#3583=AXIS2_PLACEMENT_3D('',#3580,#3581,#3582);
#3584=CYLINDRICAL_SURFACE('',#3583,1.E0);
#3586=ORIENTED_EDGE('',*,*,#3585,.F.);
#3588=ORIENTED_EDGE('',*,*,#3587,.F.);
#3589=ORIENTED_EDGE('',*,*,#3503,.F.);
#3591=ORIENTED_EDGE('',*,*,#3590,.T.);
#3592=EDGE_LOOP('',(#3586,#3588,#3589,#3591));
#3593=FACE_OUTER_BOUND('',#3592,.F.);
#3595=CARTESIAN_POINT('',(0.E0,0.E0,1.E0));
#3596=DIRECTION('',(0.E0,0.E0,1.E0));
#3597=DIRECTION('',(1.E0,0.E0,0.E0));
#3598=AXIS2_PLACEMENT_3D('',#3595,#3596,#3597);
#3599=PLANE('',#3598);
#3601=ORIENTED_EDGE('',*,*,#3600,.T.);
#3602=ORIENTED_EDGE('',*,*,#3402,.F.);
#3603=ORIENTED_EDGE('',*,*,#3387,.T.);
#3604=ORIENTED_EDGE('',*,*,#3372,.T.);
#3605=EDGE_LOOP('',(#3601,#3602,#3603,#3604));
#3606=FACE_OUTER_BOUND('',#3605,.F.);
#3607=ORIENTED_EDGE('',*,*,#3585,.T.);
#3609=ORIENTED_EDGE('',*,*,#3608,.T.);
#3610=EDGE_LOOP('',(#3607,#3609));
#3611=FACE_BOUND('',#3610,.F.);
#3613=CARTESIAN_POINT('',(2.063569441755E1,4.582E1,5.E0));
#3614=DIRECTION('',(0.E0,9.993908270191E-1,3.489949670250E-2));
#3615=DIRECTION('',(1.E0,0.E0,0.E0));
#3616=AXIS2_PLACEMENT_3D('',#3613,#3614,#3615);
#3617=PLANE('',#3616);
#3618=ORIENTED_EDGE('',*,*,#3370,.T.);
#3619=ORIENTED_EDGE('',*,*,#3128,.T.);
#3620=ORIENTED_EDGE('',*,*,#3404,.F.);
#3621=ORIENTED_EDGE('',*,*,#3600,.F.);
#3622=EDGE_LOOP('',(#3618,#3619,#3620,#3621));
#3623=FACE_OUTER_BOUND('',#3622,.F.);
#3625=CARTESIAN_POINT('',(-1.4365E1,4.757E1,7.65E0));
#3626=DIRECTION('',(0.E0,0.E0,1.E0));
#3627=DIRECTION('',(1.E0,0.E0,0.E0));
#3628=AXIS2_PLACEMENT_3D('',#3625,#3626,#3627);
#3629=CYLINDRICAL_SURFACE('',#3628,1.E0);
#3630=ORIENTED_EDGE('',*,*,#3608,.F.);
#3631=ORIENTED_EDGE('',*,*,#3590,.F.);
#3632=ORIENTED_EDGE('',*,*,#3505,.F.);
#3633=ORIENTED_EDGE('',*,*,#3587,.T.);
#3634=EDGE_LOOP('',(#3630,#3631,#3632,#3633));
#3635=FACE_OUTER_BOUND('',#3634,.F.);
#3637=CARTESIAN_POINT('',(1.4285E1,4.755E1,7.65E0));
#3638=DIRECTION('',(0.E0,0.E0,1.E0));
#3639=DIRECTION('',(1.E0,0.E0,0.E0));
#3640=AXIS2_PLACEMENT_3D('',#3637,#3638,#3639);
#3641=CYLINDRICAL_SURFACE('',#3640,1.E0);
#3643=ORIENTED_EDGE('',*,*,#3642,.F.);
#3645=ORIENTED_EDGE('',*,*,#3644,.F.);
#3646=ORIENTED_EDGE('',*,*,#3509,.F.);
#3648=ORIENTED_EDGE('',*,*,#3647,.T.);
#3649=EDGE_LOOP('',(#3643,#3645,#3646,#3648));
#3650=FACE_OUTER_BOUND('',#3649,.F.);
#3652=CARTESIAN_POINT('',(0.E0,0.E0,1.E0));
#3653=DIRECTION('',(0.E0,0.E0,1.E0));
#3654=DIRECTION('',(1.E0,0.E0,0.E0));
#3655=AXIS2_PLACEMENT_3D('',#3652,#3653,#3654);
#3656=PLANE('',#3655);
#3657=ORIENTED_EDGE('',*,*,#3228,.T.);
#3658=ORIENTED_EDGE('',*,*,#3247,.T.);
#3659=ORIENTED_EDGE('',*,*,#3448,.T.);
#3660=ORIENTED_EDGE('',*,*,#3174,.F.);
#3661=EDGE_LOOP('',(#3657,#3658,#3659,#3660));
#3662=FACE_OUTER_BOUND('',#3661,.F.);
#3663=ORIENTED_EDGE('',*,*,#3642,.T.);
#3665=ORIENTED_EDGE('',*,*,#3664,.T.);
#3666=EDGE_LOOP('',(#3663,#3665));
#3667=FACE_BOUND('',#3666,.F.);
#3669=CARTESIAN_POINT('',(1.4285E1,4.755E1,7.65E0));
#3670=DIRECTION('',(0.E0,0.E0,1.E0));
#3671=DIRECTION('',(1.E0,0.E0,0.E0));
#3672=AXIS2_PLACEMENT_3D('',#3669,#3670,#3671);
#3673=CYLINDRICAL_SURFACE('',#3672,1.E0);
#3674=ORIENTED_EDGE('',*,*,#3664,.F.);
#3675=ORIENTED_EDGE('',*,*,#3647,.F.);
#3676=ORIENTED_EDGE('',*,*,#3511,.F.);
#3677=ORIENTED_EDGE('',*,*,#3644,.T.);
#3678=EDGE_LOOP('',(#3674,#3675,#3676,#3677));
#3679=FACE_OUTER_BOUND('',#3678,.F.);
#3681=CARTESIAN_POINT('',(1.2855E1,4.15E1,4.75E0));
#3682=DIRECTION('',(-9.993908270191E-1,0.E0,3.489949670250E-2));
#3683=DIRECTION('',(0.E0,-1.E0,0.E0));
#3684=AXIS2_PLACEMENT_3D('',#3681,#3682,#3683);
#3685=PLANE('',#3684);
#3686=ORIENTED_EDGE('',*,*,#3061,.F.);
#3687=ORIENTED_EDGE('',*,*,#3296,.T.);
#3688=ORIENTED_EDGE('',*,*,#3282,.T.);
#3689=ORIENTED_EDGE('',*,*,#2669,.F.);
#3691=ORIENTED_EDGE('',*,*,#3690,.F.);
#3693=ORIENTED_EDGE('',*,*,#3692,.T.);
#3695=ORIENTED_EDGE('',*,*,#3694,.F.);
#3696=EDGE_LOOP('',(#3686,#3687,#3688,#3689,#3691,#3693,#3695));
#3697=FACE_OUTER_BOUND('',#3696,.F.);
#3699=CARTESIAN_POINT('',(1.3295E1,1.683E1,7.45E0));
#3700=DIRECTION('',(0.E0,0.E0,1.E0));
#3701=DIRECTION('',(1.E0,0.E0,0.E0));
#3702=AXIS2_PLACEMENT_3D('',#3699,#3700,#3701);
#3703=CYLINDRICAL_SURFACE('',#3702,1.E0);
#3705=ORIENTED_EDGE('',*,*,#3704,.F.);
#3707=ORIENTED_EDGE('',*,*,#3706,.T.);
#3709=ORIENTED_EDGE('',*,*,#3708,.T.);
#3711=ORIENTED_EDGE('',*,*,#3710,.F.);
#3713=ORIENTED_EDGE('',*,*,#3712,.F.);
#3714=ORIENTED_EDGE('',*,*,#3690,.T.);
#3715=ORIENTED_EDGE('',*,*,#2667,.F.);
#3717=ORIENTED_EDGE('',*,*,#3716,.T.);
#3719=ORIENTED_EDGE('',*,*,#3718,.F.);
#3720=EDGE_LOOP('',(#3705,#3707,#3709,#3711,#3713,#3714,#3715,#3717,#3719));
#3721=FACE_OUTER_BOUND('',#3720,.F.);
#3723=CARTESIAN_POINT('',(1.3295E1,1.683E1,7.45E0));
#3724=DIRECTION('',(0.E0,0.E0,1.E0));
#3725=DIRECTION('',(1.E0,0.E0,0.E0));
#3726=AXIS2_PLACEMENT_3D('',#3723,#3724,#3725);
#3727=CYLINDRICAL_SURFACE('',#3726,1.E0);
#3728=ORIENTED_EDGE('',*,*,#3708,.F.);
#3729=ORIENTED_EDGE('',*,*,#3706,.F.);
#3730=ORIENTED_EDGE('',*,*,#3704,.T.);
#3732=ORIENTED_EDGE('',*,*,#3731,.F.);
#3733=ORIENTED_EDGE('',*,*,#3716,.F.);
#3734=ORIENTED_EDGE('',*,*,#2665,.F.);
#3736=ORIENTED_EDGE('',*,*,#3735,.T.);
#3738=ORIENTED_EDGE('',*,*,#3737,.F.);
#3739=EDGE_LOOP('',(#3728,#3729,#3730,#3732,#3733,#3734,#3736,#3738));
#3740=FACE_OUTER_BOUND('',#3739,.F.);
#3742=CARTESIAN_POINT('',(0.E0,0.E0,1.E0));
#3743=DIRECTION('',(0.E0,0.E0,1.E0));
#3744=DIRECTION('',(1.E0,0.E0,0.E0));
#3745=AXIS2_PLACEMENT_3D('',#3742,#3743,#3744);
#3746=PLANE('',#3745);
#3748=ORIENTED_EDGE('',*,*,#3747,.T.);
#3750=ORIENTED_EDGE('',*,*,#3749,.T.);
#3752=ORIENTED_EDGE('',*,*,#3751,.F.);
#3754=ORIENTED_EDGE('',*,*,#3753,.F.);
#3755=ORIENTED_EDGE('',*,*,#2821,.F.);
#3756=ORIENTED_EDGE('',*,*,#2838,.F.);
#3757=ORIENTED_EDGE('',*,*,#3065,.F.);
#3758=EDGE_LOOP('',(#3748,#3750,#3752,#3754,#3755,#3756,#3757));
#3759=FACE_OUTER_BOUND('',#3758,.F.);
#3760=ORIENTED_EDGE('',*,*,#3718,.T.);
#3761=ORIENTED_EDGE('',*,*,#3731,.T.);
#3762=EDGE_LOOP('',(#3760,#3761));
#3763=FACE_BOUND('',#3762,.F.);
#3765=CARTESIAN_POINT('',(1.3295E1,1.683E1,2.875E0));
#3766=DIRECTION('',(0.E0,0.E0,1.E0));
#3767=DIRECTION('',(1.E0,0.E0,0.E0));
#3768=AXIS2_PLACEMENT_3D('',#3765,#3766,#3767);
#3769=CONICAL_SURFACE('',#3768,1.934523557203E0,2.E0);
#3771=ORIENTED_EDGE('',*,*,#3770,.F.);
#3773=ORIENTED_EDGE('',*,*,#3772,.F.);
#3775=ORIENTED_EDGE('',*,*,#3774,.T.);
#3776=ORIENTED_EDGE('',*,*,#3749,.F.);
#3777=ORIENTED_EDGE('',*,*,#3747,.F.);
#3778=ORIENTED_EDGE('',*,*,#3063,.T.);
#3779=EDGE_LOOP('',(#3771,#3773,#3775,#3776,#3777,#3778));
#3780=FACE_OUTER_BOUND('',#3779,.F.);
#3782=CARTESIAN_POINT('',(1.3295E1,1.683E1,5.75E0));
#3783=DIRECTION('',(0.E0,0.E0,-1.E0));
#3784=DIRECTION('',(-1.E0,0.E0,0.E0));
#3785=AXIS2_PLACEMENT_3D('',#3782,#3783,#3784);
#3786=CONICAL_SURFACE('',#3785,1.965079230508E0,2.E0);
#3787=ORIENTED_EDGE('',*,*,#3772,.T.);
#3788=ORIENTED_EDGE('',*,*,#3770,.T.);
#3789=ORIENTED_EDGE('',*,*,#3694,.T.);
#3791=ORIENTED_EDGE('',*,*,#3790,.F.);
#3793=ORIENTED_EDGE('',*,*,#3792,.F.);
#3795=ORIENTED_EDGE('',*,*,#3794,.T.);
#3796=EDGE_LOOP('',(#3787,#3788,#3789,#3791,#3793,#3795));
#3797=FACE_OUTER_BOUND('',#3796,.F.);
#3799=CARTESIAN_POINT('',(0.E0,0.E0,6.75E0));
#3800=DIRECTION('',(0.E0,0.E0,1.E0));
#3801=DIRECTION('',(1.E0,0.E0,0.E0));
#3802=AXIS2_PLACEMENT_3D('',#3799,#3800,#3801);
#3803=PLANE('',#3802);
#3804=ORIENTED_EDGE('',*,*,#3712,.T.);
#3805=ORIENTED_EDGE('',*,*,#3710,.T.);
#3806=ORIENTED_EDGE('',*,*,#3737,.T.);
#3808=ORIENTED_EDGE('',*,*,#3807,.F.);
#3809=ORIENTED_EDGE('',*,*,#3792,.T.);
#3810=ORIENTED_EDGE('',*,*,#3790,.T.);
#3811=ORIENTED_EDGE('',*,*,#3692,.F.);
#3812=EDGE_LOOP('',(#3804,#3805,#3806,#3808,#3809,#3810,#3811));
#3813=FACE_OUTER_BOUND('',#3812,.F.);
#3815=CARTESIAN_POINT('',(1.2855E1,1.41E1,4.75E0));
#3816=DIRECTION('',(-9.993908270191E-1,0.E0,3.489949670250E-2));
#3817=DIRECTION('',(0.E0,1.E0,0.E0));
#3818=AXIS2_PLACEMENT_3D('',#3815,#3816,#3817);
#3819=PLANE('',#3818);
#3820=ORIENTED_EDGE('',*,*,#3794,.F.);
#3821=ORIENTED_EDGE('',*,*,#3807,.T.);
#3822=ORIENTED_EDGE('',*,*,#3735,.F.);
#3823=ORIENTED_EDGE('',*,*,#2663,.F.);
#3825=ORIENTED_EDGE('',*,*,#3824,.F.);
#3827=ORIENTED_EDGE('',*,*,#3826,.F.);
#3828=EDGE_LOOP('',(#3820,#3821,#3822,#3823,#3825,#3827));
#3829=FACE_OUTER_BOUND('',#3828,.F.);
#3831=CARTESIAN_POINT('',(1.6445E1,1.41E1,4.75E0));
#3832=DIRECTION('',(0.E0,9.993908270191E-1,-3.489949670250E-2));
#3833=DIRECTION('',(1.E0,0.E0,0.E0));
#3834=AXIS2_PLACEMENT_3D('',#3831,#3832,#3833);
#3835=PLANE('',#3834);
#3836=ORIENTED_EDGE('',*,*,#3824,.T.);
#3837=ORIENTED_EDGE('',*,*,#2661,.F.);
#3839=ORIENTED_EDGE('',*,*,#3838,.T.);
#3841=ORIENTED_EDGE('',*,*,#3840,.F.);
#3842=EDGE_LOOP('',(#3836,#3837,#3839,#3841));
#3843=FACE_OUTER_BOUND('',#3842,.F.);
#3845=CARTESIAN_POINT('',(1.4445E1,1.41E1,4.75E0));
#3846=DIRECTION('',(-9.993908270191E-1,0.E0,3.489949670250E-2));
#3847=DIRECTION('',(0.E0,-1.E0,0.E0));
#3848=AXIS2_PLACEMENT_3D('',#3845,#3846,#3847);
#3849=PLANE('',#3848);
#3850=ORIENTED_EDGE('',*,*,#2747,.T.);
#3851=ORIENTED_EDGE('',*,*,#2778,.T.);
#3852=ORIENTED_EDGE('',*,*,#3838,.F.);
#3853=ORIENTED_EDGE('',*,*,#2659,.F.);
#3854=EDGE_LOOP('',(#3850,#3851,#3852,#3853));
#3855=FACE_OUTER_BOUND('',#3854,.F.);
#3857=CARTESIAN_POINT('',(1.6445E1,1.41E1,4.75E0));
#3858=DIRECTION('',(0.E0,9.993908270191E-1,3.489949670250E-2));
#3859=DIRECTION('',(1.E0,0.E0,0.E0));
#3860=AXIS2_PLACEMENT_3D('',#3857,#3858,#3859);
#3861=PLANE('',#3860);
#3863=ORIENTED_EDGE('',*,*,#3862,.T.);
#3864=ORIENTED_EDGE('',*,*,#3840,.T.);
#3865=ORIENTED_EDGE('',*,*,#2776,.T.);
#3866=ORIENTED_EDGE('',*,*,#2791,.T.);
#3867=ORIENTED_EDGE('',*,*,#2823,.F.);
#3868=ORIENTED_EDGE('',*,*,#3753,.T.);
#3869=EDGE_LOOP('',(#3863,#3864,#3865,#3866,#3867,#3868));
#3870=FACE_OUTER_BOUND('',#3869,.F.);
#3872=CARTESIAN_POINT('',(1.2855E1,1.41E1,4.75E0));
#3873=DIRECTION('',(-9.993908270191E-1,0.E0,-3.489949670250E-2));
#3874=DIRECTION('',(0.E0,1.E0,0.E0));
#3875=AXIS2_PLACEMENT_3D('',#3872,#3873,#3874);
#3876=PLANE('',#3875);
#3877=ORIENTED_EDGE('',*,*,#3774,.F.);
#3878=ORIENTED_EDGE('',*,*,#3826,.T.);
#3879=ORIENTED_EDGE('',*,*,#3862,.F.);
#3880=ORIENTED_EDGE('',*,*,#3751,.T.);
#3881=EDGE_LOOP('',(#3877,#3878,#3879,#3880));
#3882=FACE_OUTER_BOUND('',#3881,.F.);
#3884=CARTESIAN_POINT('',(1.2855E1,3.01E1,4.75E0));
#3885=DIRECTION('',(0.E0,9.993908270191E-1,-3.489949670250E-2));
#3886=DIRECTION('',(-1.E0,0.E0,0.E0));
#3887=AXIS2_PLACEMENT_3D('',#3884,#3885,#3886);
#3888=PLANE('',#3887);
#3889=ORIENTED_EDGE('',*,*,#2970,.F.);
#3890=ORIENTED_EDGE('',*,*,#2675,.F.);
#3891=ORIENTED_EDGE('',*,*,#3267,.T.);
#3892=ORIENTED_EDGE('',*,*,#3000,.T.);
#3893=EDGE_LOOP('',(#3889,#3890,#3891,#3892));
#3894=FACE_OUTER_BOUND('',#3893,.F.);
#3896=CARTESIAN_POINT('',(1.6445E1,2.35E1,4.75E0));
#3897=DIRECTION('',(0.E0,9.993908270191E-1,3.489949670250E-2));
#3898=DIRECTION('',(1.E0,0.E0,0.E0));
#3899=AXIS2_PLACEMENT_3D('',#3896,#3897,#3898);
#3900=PLANE('',#3899);
#3901=ORIENTED_EDGE('',*,*,#2888,.F.);
#3902=ORIENTED_EDGE('',*,*,#2928,.T.);
#3904=ORIENTED_EDGE('',*,*,#3903,.F.);
#3906=ORIENTED_EDGE('',*,*,#3905,.T.);
#3907=ORIENTED_EDGE('',*,*,#3070,.F.);
#3908=ORIENTED_EDGE('',*,*,#2871,.T.);
#3909=EDGE_LOOP('',(#3901,#3902,#3904,#3906,#3907,#3908));
#3910=FACE_OUTER_BOUND('',#3909,.F.);
#3912=CARTESIAN_POINT('',(1.6445E1,2.81E1,4.75E0));
#3913=DIRECTION('',(9.993908270191E-1,0.E0,-3.489949670250E-2));
#3914=DIRECTION('',(0.E0,-1.E0,0.E0));
#3915=AXIS2_PLACEMENT_3D('',#3912,#3913,#3914);
#3916=PLANE('',#3915);
#3917=ORIENTED_EDGE('',*,*,#3903,.T.);
#3918=ORIENTED_EDGE('',*,*,#2942,.T.);
#3920=ORIENTED_EDGE('',*,*,#3919,.F.);
#3922=ORIENTED_EDGE('',*,*,#3921,.F.);
#3923=EDGE_LOOP('',(#3917,#3918,#3920,#3922));
#3924=FACE_OUTER_BOUND('',#3923,.F.);
#3926=CARTESIAN_POINT('',(1.2855E1,2.81E1,4.75E0));
#3927=DIRECTION('',(0.E0,-9.993908270191E-1,3.489949670250E-2));
#3928=DIRECTION('',(-1.E0,0.E0,0.E0));
#3929=AXIS2_PLACEMENT_3D('',#3926,#3927,#3928);
#3930=PLANE('',#3929);
#3931=ORIENTED_EDGE('',*,*,#2986,.T.);
#3932=ORIENTED_EDGE('',*,*,#3033,.T.);
#3933=ORIENTED_EDGE('',*,*,#3074,.T.);
#3935=ORIENTED_EDGE('',*,*,#3934,.T.);
#3936=ORIENTED_EDGE('',*,*,#3919,.T.);
#3937=ORIENTED_EDGE('',*,*,#2954,.T.);
#3938=EDGE_LOOP('',(#3931,#3932,#3933,#3935,#3936,#3937));
#3939=FACE_OUTER_BOUND('',#3938,.F.);
#3941=CARTESIAN_POINT('',(0.E0,0.E0,3.E0));
#3942=DIRECTION('',(0.E0,0.E0,1.E0));
#3943=DIRECTION('',(1.E0,0.E0,0.E0));
#3944=AXIS2_PLACEMENT_3D('',#3941,#3942,#3943);
#3945=PLANE('',#3944);
#3946=ORIENTED_EDGE('',*,*,#3905,.F.);
#3947=ORIENTED_EDGE('',*,*,#3921,.T.);
#3948=ORIENTED_EDGE('',*,*,#3934,.F.);
#3949=ORIENTED_EDGE('',*,*,#3072,.F.);
#3950=EDGE_LOOP('',(#3946,#3947,#3948,#3949));
#3951=FACE_OUTER_BOUND('',#3950,.F.);
#3953=CARTESIAN_POINT('',(1.4445E1,-7.9E0,4.75E0));
#3954=DIRECTION('',(0.E0,9.993908270191E-1,-3.489949670250E-2));
#3955=DIRECTION('',(-1.E0,0.E0,0.E0));
#3956=AXIS2_PLACEMENT_3D('',#3953,#3954,#3955);
#3957=PLANE('',#3956);
#3958=ORIENTED_EDGE('',*,*,#2761,.T.);
#3959=ORIENTED_EDGE('',*,*,#2734,.F.);
#3961=ORIENTED_EDGE('',*,*,#3960,.F.);
#3963=ORIENTED_EDGE('',*,*,#3962,.T.);
#3965=ORIENTED_EDGE('',*,*,#3964,.F.);
#3967=ORIENTED_EDGE('',*,*,#3966,.F.);
#3969=ORIENTED_EDGE('',*,*,#3968,.T.);
#3970=ORIENTED_EDGE('',*,*,#2795,.T.);
#3971=EDGE_LOOP('',(#3958,#3959,#3961,#3963,#3965,#3967,#3969,#3970));
#3972=FACE_OUTER_BOUND('',#3971,.F.);
#3974=CARTESIAN_POINT('',(-8.45E-1,-6.575469456745E0,4.75E0));
#3975=DIRECTION('',(9.993908270191E-1,0.E0,3.489949670250E-2));
#3976=DIRECTION('',(0.E0,-1.E0,0.E0));
#3977=AXIS2_PLACEMENT_3D('',#3974,#3975,#3976);
#3978=PLANE('',#3977);
#3979=ORIENTED_EDGE('',*,*,#3960,.T.);
#3981=ORIENTED_EDGE('',*,*,#3980,.T.);
#3983=ORIENTED_EDGE('',*,*,#3982,.F.);
#3985=ORIENTED_EDGE('',*,*,#3984,.T.);
#3986=EDGE_LOOP('',(#3979,#3981,#3983,#3985));
#3987=FACE_OUTER_BOUND('',#3986,.F.);
#3989=CARTESIAN_POINT('',(-8.535E0,-4.77E1,4.75E0));
#3990=DIRECTION('',(0.E0,0.E0,1.E0));
#3991=DIRECTION('',(-1.E0,0.E0,0.E0));
#3992=AXIS2_PLACEMENT_3D('',#3989,#3990,#3991);
#3993=PLANE('',#3992);
#3995=ORIENTED_EDGE('',*,*,#3994,.F.);
#3997=ORIENTED_EDGE('',*,*,#3996,.F.);
#3999=ORIENTED_EDGE('',*,*,#3998,.F.);
#4001=ORIENTED_EDGE('',*,*,#4000,.T.);
#4003=ORIENTED_EDGE('',*,*,#4002,.T.);
#4005=ORIENTED_EDGE('',*,*,#4004,.F.);
#4007=ORIENTED_EDGE('',*,*,#4006,.T.);
#4008=ORIENTED_EDGE('',*,*,#3980,.F.);
#4009=ORIENTED_EDGE('',*,*,#2732,.T.);
#4011=ORIENTED_EDGE('',*,*,#4010,.F.);
#4013=ORIENTED_EDGE('',*,*,#4012,.T.);
#4015=ORIENTED_EDGE('',*,*,#4014,.T.);
#4017=ORIENTED_EDGE('',*,*,#4016,.T.);
#4019=ORIENTED_EDGE('',*,*,#4018,.T.);
#4021=ORIENTED_EDGE('',*,*,#4020,.F.);
#4022=ORIENTED_EDGE('',*,*,#2503,.F.);
#4023=EDGE_LOOP('',(#3995,#3997,#3999,#4001,#4003,#4005,#4007,#4008,#4009,#4011,
#4013,#4015,#4017,#4019,#4021,#4022));
#4024=FACE_OUTER_BOUND('',#4023,.F.);
#4026=CARTESIAN_POINT('',(1.6445E1,-4.46E1,4.75E0));
#4027=DIRECTION('',(0.E0,9.993908270191E-1,-3.489949670250E-2));
#4028=DIRECTION('',(-1.E0,0.E0,0.E0));
#4029=AXIS2_PLACEMENT_3D('',#4026,#4027,#4028);
#4030=PLANE('',#4029);
#4032=ORIENTED_EDGE('',*,*,#4031,.F.);
#4034=ORIENTED_EDGE('',*,*,#4033,.T.);
#4036=ORIENTED_EDGE('',*,*,#4035,.F.);
#4037=ORIENTED_EDGE('',*,*,#3994,.T.);
#4038=ORIENTED_EDGE('',*,*,#2533,.F.);
#4039=EDGE_LOOP('',(#4032,#4034,#4036,#4037,#4038));
#4040=FACE_OUTER_BOUND('',#4039,.F.);
#4042=CARTESIAN_POINT('',(-1.6445E1,-4.46E1,4.75E0));
#4043=DIRECTION('',(-9.993908270191E-1,0.E0,-3.489949670250E-2));
#4044=DIRECTION('',(0.E0,-1.E0,0.E0));
#4045=AXIS2_PLACEMENT_3D('',#4042,#4043,#4044);
#4046=PLANE('',#4045);
#4048=ORIENTED_EDGE('',*,*,#4047,.T.);
#4050=ORIENTED_EDGE('',*,*,#4049,.F.);
#4051=ORIENTED_EDGE('',*,*,#4031,.T.);
#4053=ORIENTED_EDGE('',*,*,#4052,.F.);
#4054=EDGE_LOOP('',(#4048,#4050,#4051,#4053));
#4055=FACE_OUTER_BOUND('',#4054,.F.);
#4057=CARTESIAN_POINT('',(-1.6445E1,-5.42E1,4.75E0));
#4058=DIRECTION('',(0.E0,-9.993908270191E-1,-3.489949670250E-2));
#4059=DIRECTION('',(1.E0,0.E0,0.E0));
#4060=AXIS2_PLACEMENT_3D('',#4057,#4058,#4059);
#4061=PLANE('',#4060);
#4063=ORIENTED_EDGE('',*,*,#4062,.F.);
#4065=ORIENTED_EDGE('',*,*,#4064,.F.);
#4067=ORIENTED_EDGE('',*,*,#4066,.T.);
#4068=ORIENTED_EDGE('',*,*,#4047,.F.);
#4069=EDGE_LOOP('',(#4063,#4065,#4067,#4068));
#4070=FACE_OUTER_BOUND('',#4069,.F.);
#4072=CARTESIAN_POINT('',(-1.6445E1,-5.42E1,4.75E0));
#4073=DIRECTION('',(0.E0,-9.993908270191E-1,3.489949670250E-2));
#4074=DIRECTION('',(1.E0,0.E0,0.E0));
#4075=AXIS2_PLACEMENT_3D('',#4072,#4073,#4074);
#4076=PLANE('',#4075);
#4077=ORIENTED_EDGE('',*,*,#4062,.T.);
#4079=ORIENTED_EDGE('',*,*,#4078,.F.);
#4081=ORIENTED_EDGE('',*,*,#4080,.F.);
#4083=ORIENTED_EDGE('',*,*,#4082,.F.);
#4085=ORIENTED_EDGE('',*,*,#4084,.T.);
#4087=ORIENTED_EDGE('',*,*,#4086,.F.);
#4089=ORIENTED_EDGE('',*,*,#4088,.T.);
#4091=ORIENTED_EDGE('',*,*,#4090,.F.);
#4092=EDGE_LOOP('',(#4077,#4079,#4081,#4083,#4085,#4087,#4089,#4091));
#4093=FACE_OUTER_BOUND('',#4092,.F.);
#4095=CARTESIAN_POINT('',(-1.6445E1,-4.46E1,4.75E0));
#4096=DIRECTION('',(-9.993908270191E-1,0.E0,3.489949670250E-2));
#4097=DIRECTION('',(0.E0,-1.E0,0.E0));
#4098=AXIS2_PLACEMENT_3D('',#4095,#4096,#4097);
#4099=PLANE('',#4098);
#4100=ORIENTED_EDGE('',*,*,#4078,.T.);
#4101=ORIENTED_EDGE('',*,*,#4052,.T.);
#4102=ORIENTED_EDGE('',*,*,#2531,.T.);
#4104=ORIENTED_EDGE('',*,*,#4103,.T.);
#4105=EDGE_LOOP('',(#4100,#4101,#4102,#4104));
#4106=FACE_OUTER_BOUND('',#4105,.F.);
#4108=CARTESIAN_POINT('',(-1.666197846483E0,-5.42E1,9.5E0));
#4109=DIRECTION('',(0.E0,0.E0,1.E0));
#4110=DIRECTION('',(-1.E0,0.E0,0.E0));
#4111=AXIS2_PLACEMENT_3D('',#4108,#4109,#4110);
#4112=PLANE('',#4111);
#4113=ORIENTED_EDGE('',*,*,#4080,.T.);
#4114=ORIENTED_EDGE('',*,*,#4103,.F.);
#4115=ORIENTED_EDGE('',*,*,#2529,.F.);
#4117=ORIENTED_EDGE('',*,*,#4116,.F.);
#4119=ORIENTED_EDGE('',*,*,#4118,.T.);
#4121=ORIENTED_EDGE('',*,*,#4120,.F.);
#4123=ORIENTED_EDGE('',*,*,#4122,.F.);
#4124=EDGE_LOOP('',(#4113,#4114,#4115,#4117,#4119,#4121,#4123));
#4125=FACE_OUTER_BOUND('',#4124,.F.);
#4127=ORIENTED_EDGE('',*,*,#4126,.T.);
#4129=ORIENTED_EDGE('',*,*,#4128,.T.);
#4130=EDGE_LOOP('',(#4127,#4129));
#4131=FACE_BOUND('',#4130,.F.);
#4133=ORIENTED_EDGE('',*,*,#4132,.T.);
#4135=ORIENTED_EDGE('',*,*,#4134,.T.);
#4136=EDGE_LOOP('',(#4133,#4135));
#4137=FACE_BOUND('',#4136,.F.);
#4139=CARTESIAN_POINT('',(1.6445E1,-4.8E1,4.75E0));
#4140=DIRECTION('',(9.993908270191E-1,0.E0,3.489949670250E-2));
#4141=DIRECTION('',(0.E0,1.E0,0.E0));
#4142=AXIS2_PLACEMENT_3D('',#4139,#4140,#4141);
#4143=PLANE('',#4142);
#4144=ORIENTED_EDGE('',*,*,#2527,.T.);
#4146=ORIENTED_EDGE('',*,*,#4145,.T.);
#4148=ORIENTED_EDGE('',*,*,#4147,.F.);
#4149=ORIENTED_EDGE('',*,*,#4116,.T.);
#4150=EDGE_LOOP('',(#4144,#4146,#4148,#4149));
#4151=FACE_OUTER_BOUND('',#4150,.F.);
#4153=CARTESIAN_POINT('',(1.6445E1,-4.8E1,4.75E0));
#4154=DIRECTION('',(9.993908270191E-1,0.E0,-3.489949670250E-2));
#4155=DIRECTION('',(0.E0,1.E0,0.E0));
#4156=AXIS2_PLACEMENT_3D('',#4153,#4154,#4155);
#4157=PLANE('',#4156);
#4159=ORIENTED_EDGE('',*,*,#4158,.T.);
#4161=ORIENTED_EDGE('',*,*,#4160,.F.);
#4163=ORIENTED_EDGE('',*,*,#4162,.F.);
#4164=ORIENTED_EDGE('',*,*,#4145,.F.);
#4165=EDGE_LOOP('',(#4159,#4161,#4163,#4164));
#4166=FACE_OUTER_BOUND('',#4165,.F.);
#4168=CARTESIAN_POINT('',(1.6445E1,-4.46E1,4.75E0));
#4169=DIRECTION('',(0.E0,9.993908270191E-1,-3.489949670250E-2));
#4170=DIRECTION('',(-1.E0,0.E0,0.E0));
#4171=AXIS2_PLACEMENT_3D('',#4168,#4169,#4170);
#4172=PLANE('',#4171);
#4174=ORIENTED_EDGE('',*,*,#4173,.T.);
#4175=ORIENTED_EDGE('',*,*,#2803,.T.);
#4177=ORIENTED_EDGE('',*,*,#4176,.F.);
#4179=ORIENTED_EDGE('',*,*,#4178,.T.);
#4180=ORIENTED_EDGE('',*,*,#4158,.F.);
#4181=ORIENTED_EDGE('',*,*,#2525,.F.);
#4182=EDGE_LOOP('',(#4174,#4175,#4177,#4179,#4180,#4181));
#4183=FACE_OUTER_BOUND('',#4182,.F.);
#4185=CARTESIAN_POINT('',(1.1145E1,-4.46E1,4.75E0));
#4186=DIRECTION('',(9.993908270191E-1,0.E0,-3.489949670250E-2));
#4187=DIRECTION('',(0.E0,1.E0,0.E0));
#4188=AXIS2_PLACEMENT_3D('',#4185,#4186,#4187);
#4189=PLANE('',#4188);
#4190=ORIENTED_EDGE('',*,*,#2581,.F.);
#4191=ORIENTED_EDGE('',*,*,#2805,.F.);
#4192=ORIENTED_EDGE('',*,*,#4173,.F.);
#4193=ORIENTED_EDGE('',*,*,#2548,.F.);
#4194=EDGE_LOOP('',(#4190,#4191,#4192,#4193));
#4195=FACE_OUTER_BOUND('',#4194,.F.);
#4197=CARTESIAN_POINT('',(1.1855E1,-5.502832768450E1,8.25E0));
#4198=DIRECTION('',(9.993908270191E-1,0.E0,3.489949670250E-2));
#4199=DIRECTION('',(0.E0,-1.E0,0.E0));
#4200=AXIS2_PLACEMENT_3D('',#4197,#4198,#4199);
#4201=PLANE('',#4200);
#4202=ORIENTED_EDGE('',*,*,#2801,.F.);
#4204=ORIENTED_EDGE('',*,*,#4203,.T.);
#4206=ORIENTED_EDGE('',*,*,#4205,.T.);
#4208=ORIENTED_EDGE('',*,*,#4207,.F.);
#4210=ORIENTED_EDGE('',*,*,#4209,.F.);
#4212=ORIENTED_EDGE('',*,*,#4211,.F.);
#4214=ORIENTED_EDGE('',*,*,#4213,.T.);
#4215=ORIENTED_EDGE('',*,*,#4176,.T.);
#4216=EDGE_LOOP('',(#4202,#4204,#4206,#4208,#4210,#4212,#4214,#4215));
#4217=FACE_OUTER_BOUND('',#4216,.F.);
#4219=CARTESIAN_POINT('',(-6.109530543255E0,-4.61E1,8.25E0));
#4220=DIRECTION('',(0.E0,9.993908270191E-1,3.489949670250E-2));
#4221=DIRECTION('',(1.E0,0.E0,0.E0));
#4222=AXIS2_PLACEMENT_3D('',#4219,#4220,#4221);
#4223=PLANE('',#4222);
#4225=ORIENTED_EDGE('',*,*,#4224,.F.);
#4227=ORIENTED_EDGE('',*,*,#4226,.T.);
#4229=ORIENTED_EDGE('',*,*,#4228,.T.);
#4230=ORIENTED_EDGE('',*,*,#4203,.F.);
#4231=ORIENTED_EDGE('',*,*,#2799,.F.);
#4233=ORIENTED_EDGE('',*,*,#4232,.F.);
#4235=ORIENTED_EDGE('',*,*,#4234,.T.);
#4237=ORIENTED_EDGE('',*,*,#4236,.F.);
#4238=EDGE_LOOP('',(#4225,#4227,#4229,#4230,#4231,#4233,#4235,#4237));
#4239=FACE_OUTER_BOUND('',#4238,.F.);
#4241=CARTESIAN_POINT('',(0.E0,0.E0,3.E0));
#4242=DIRECTION('',(0.E0,0.E0,1.E0));
#4243=DIRECTION('',(1.E0,0.E0,0.E0));
#4244=AXIS2_PLACEMENT_3D('',#4241,#4242,#4243);
#4245=PLANE('',#4244);
#4247=ORIENTED_EDGE('',*,*,#4246,.T.);
#4249=ORIENTED_EDGE('',*,*,#4248,.T.);
#4250=ORIENTED_EDGE('',*,*,#4224,.T.);
#4252=ORIENTED_EDGE('',*,*,#4251,.T.);
#4253=ORIENTED_EDGE('',*,*,#3962,.F.);
#4254=ORIENTED_EDGE('',*,*,#3984,.F.);
#4256=ORIENTED_EDGE('',*,*,#4255,.T.);
#4258=ORIENTED_EDGE('',*,*,#4257,.T.);
#4260=ORIENTED_EDGE('',*,*,#4259,.T.);
#4262=ORIENTED_EDGE('',*,*,#4261,.T.);
#4264=ORIENTED_EDGE('',*,*,#4263,.T.);
#4266=ORIENTED_EDGE('',*,*,#4265,.T.);
#4268=ORIENTED_EDGE('',*,*,#4267,.T.);
#4270=ORIENTED_EDGE('',*,*,#4269,.T.);
#4272=ORIENTED_EDGE('',*,*,#4271,.T.);
#4274=ORIENTED_EDGE('',*,*,#4273,.T.);
#4276=ORIENTED_EDGE('',*,*,#4275,.T.);
#4278=ORIENTED_EDGE('',*,*,#4277,.T.);
#4280=ORIENTED_EDGE('',*,*,#4279,.F.);
#4282=ORIENTED_EDGE('',*,*,#4281,.T.);
#4284=ORIENTED_EDGE('',*,*,#4283,.F.);
#4286=ORIENTED_EDGE('',*,*,#4285,.T.);
#4288=ORIENTED_EDGE('',*,*,#4287,.T.);
#4289=EDGE_LOOP('',(#4247,#4249,#4250,#4252,#4253,#4254,#4256,#4258,#4260,#4262,
#4264,#4266,#4268,#4270,#4272,#4274,#4276,#4278,#4280,#4282,#4284,#4286,#4288));
#4290=FACE_OUTER_BOUND('',#4289,.F.);
#4292=CARTESIAN_POINT('',(1.317953054325E1,-4.85E1,8.25E0));
#4293=DIRECTION('',(0.E0,-9.993908270191E-1,3.489949670250E-2));
#4294=DIRECTION('',(-1.E0,0.E0,0.E0));
#4295=AXIS2_PLACEMENT_3D('',#4292,#4293,#4294);
#4296=PLANE('',#4295);
#4298=ORIENTED_EDGE('',*,*,#4297,.F.);
#4299=ORIENTED_EDGE('',*,*,#4207,.T.);
#4301=ORIENTED_EDGE('',*,*,#4300,.T.);
#4303=ORIENTED_EDGE('',*,*,#4302,.F.);
#4304=ORIENTED_EDGE('',*,*,#4246,.F.);
#4306=ORIENTED_EDGE('',*,*,#4305,.F.);
#4308=ORIENTED_EDGE('',*,*,#4307,.F.);
#4310=ORIENTED_EDGE('',*,*,#4309,.T.);
#4311=EDGE_LOOP('',(#4298,#4299,#4301,#4303,#4304,#4306,#4308,#4310));
#4312=FACE_OUTER_BOUND('',#4311,.F.);
#4314=CARTESIAN_POINT('',(0.E0,0.E0,3.E0));
#4315=DIRECTION('',(0.E0,0.E0,1.E0));
#4316=DIRECTION('',(1.E0,0.E0,0.E0));
#4317=AXIS2_PLACEMENT_3D('',#4314,#4315,#4316);
#4318=PLANE('',#4317);
#4319=ORIENTED_EDGE('',*,*,#4297,.T.);
#4321=ORIENTED_EDGE('',*,*,#4320,.T.);
#4323=ORIENTED_EDGE('',*,*,#4322,.T.);
#4324=ORIENTED_EDGE('',*,*,#4209,.T.);
#4325=EDGE_LOOP('',(#4319,#4321,#4323,#4324));
#4326=FACE_OUTER_BOUND('',#4325,.F.);
#4328=CARTESIAN_POINT('',(4.753804415138E0,2.482453054325E1,4.75E0));
#4329=DIRECTION('',(9.993908270191E-1,0.E0,3.489949670250E-2));
#4330=DIRECTION('',(0.E0,-1.E0,0.E0));
#4331=AXIS2_PLACEMENT_3D('',#4328,#4329,#4330);
#4332=PLANE('',#4331);
#4333=ORIENTED_EDGE('',*,*,#4309,.F.);
#4335=ORIENTED_EDGE('',*,*,#4334,.T.);
#4337=ORIENTED_EDGE('',*,*,#4336,.T.);
#4338=ORIENTED_EDGE('',*,*,#4320,.F.);
#4339=EDGE_LOOP('',(#4333,#4335,#4337,#4338));
#4340=FACE_OUTER_BOUND('',#4339,.F.);
#4342=CARTESIAN_POINT('',(0.E0,0.E0,4.2E0));
#4343=DIRECTION('',(0.E0,0.E0,-1.E0));
#4344=DIRECTION('',(-1.E0,0.E0,0.E0));
#4345=AXIS2_PLACEMENT_3D('',#4342,#4343,#4344);
#4346=PLANE('',#4345);
#4347=ORIENTED_EDGE('',*,*,#4307,.T.);
#4349=ORIENTED_EDGE('',*,*,#4348,.F.);
#4351=ORIENTED_EDGE('',*,*,#4350,.F.);
#4352=ORIENTED_EDGE('',*,*,#4334,.F.);
#4353=EDGE_LOOP('',(#4347,#4349,#4351,#4352));
#4354=FACE_OUTER_BOUND('',#4353,.F.);
#4356=CARTESIAN_POINT('',(2.753804415138E0,-5.132453054325E1,4.75E0));
#4357=DIRECTION('',(-9.993908270191E-1,0.E0,3.489949670250E-2));
#4358=DIRECTION('',(0.E0,1.E0,0.E0));
#4359=AXIS2_PLACEMENT_3D('',#4356,#4357,#4358);
#4360=PLANE('',#4359);
#4361=ORIENTED_EDGE('',*,*,#4305,.T.);
#4362=ORIENTED_EDGE('',*,*,#4287,.F.);
#4364=ORIENTED_EDGE('',*,*,#4363,.F.);
#4365=ORIENTED_EDGE('',*,*,#4348,.T.);
#4366=EDGE_LOOP('',(#4361,#4362,#4364,#4365));
#4367=FACE_OUTER_BOUND('',#4366,.F.);
#4369=CARTESIAN_POINT('',(-3.166197846483E0,-5.E1,4.75E0));
#4370=DIRECTION('',(0.E0,-9.993908270191E-1,-3.489949670250E-2));
#4371=DIRECTION('',(1.E0,0.E0,0.E0));
#4372=AXIS2_PLACEMENT_3D('',#4369,#4370,#4371);
#4373=PLANE('',#4372);
#4375=ORIENTED_EDGE('',*,*,#4374,.F.);
#4377=ORIENTED_EDGE('',*,*,#4376,.F.);
#4378=ORIENTED_EDGE('',*,*,#4211,.T.);
#4379=ORIENTED_EDGE('',*,*,#4322,.F.);
#4380=ORIENTED_EDGE('',*,*,#4336,.F.);
#4381=ORIENTED_EDGE('',*,*,#4350,.T.);
#4382=ORIENTED_EDGE('',*,*,#4363,.T.);
#4383=ORIENTED_EDGE('',*,*,#4285,.F.);
#4385=ORIENTED_EDGE('',*,*,#4384,.T.);
#4387=ORIENTED_EDGE('',*,*,#4386,.F.);
#4388=EDGE_LOOP('',(#4375,#4377,#4378,#4379,#4380,#4381,#4382,#4383,#4385,
#4387));
#4389=FACE_OUTER_BOUND('',#4388,.F.);
#4391=CARTESIAN_POINT('',(1.4445E1,-4.8E1,2.875E0));
#4392=DIRECTION('',(0.E0,0.E0,1.E0));
#4393=DIRECTION('',(-1.E0,0.E0,0.E0));
#4394=AXIS2_PLACEMENT_3D('',#4391,#4392,#4393);
#4395=CONICAL_SURFACE('',#4394,1.934523557203E0,2.E0);
#4396=ORIENTED_EDGE('',*,*,#4162,.T.);
#4398=ORIENTED_EDGE('',*,*,#4397,.F.);
#4399=ORIENTED_EDGE('',*,*,#4374,.T.);
#4401=ORIENTED_EDGE('',*,*,#4400,.F.);
#4402=EDGE_LOOP('',(#4396,#4398,#4399,#4401));
#4403=FACE_OUTER_BOUND('',#4402,.F.);
#4405=CARTESIAN_POINT('',(0.E0,0.E0,1.E0));
#4406=DIRECTION('',(0.E0,0.E0,1.E0));
#4407=DIRECTION('',(1.E0,0.E0,0.E0));
#4408=AXIS2_PLACEMENT_3D('',#4405,#4406,#4407);
#4409=PLANE('',#4408);
#4410=ORIENTED_EDGE('',*,*,#4213,.F.);
#4411=ORIENTED_EDGE('',*,*,#4376,.T.);
#4412=ORIENTED_EDGE('',*,*,#4397,.T.);
#4413=ORIENTED_EDGE('',*,*,#4160,.T.);
#4414=ORIENTED_EDGE('',*,*,#4178,.F.);
#4415=EDGE_LOOP('',(#4410,#4411,#4412,#4413,#4414));
#4416=FACE_OUTER_BOUND('',#4415,.F.);
#4418=ORIENTED_EDGE('',*,*,#4417,.T.);
#4420=ORIENTED_EDGE('',*,*,#4419,.T.);
#4421=EDGE_LOOP('',(#4418,#4420));
#4422=FACE_BOUND('',#4421,.F.);
#4424=CARTESIAN_POINT('',(1.4365E1,-4.768E1,9.5E0));
#4425=DIRECTION('',(0.E0,0.E0,1.E0));
#4426=DIRECTION('',(0.E0,-1.E0,0.E0));
#4427=AXIS2_PLACEMENT_3D('',#4424,#4425,#4426);
#4428=CYLINDRICAL_SURFACE('',#4427,1.E0);
#4429=ORIENTED_EDGE('',*,*,#4417,.F.);
#4431=ORIENTED_EDGE('',*,*,#4430,.F.);
#4432=ORIENTED_EDGE('',*,*,#4126,.F.);
#4434=ORIENTED_EDGE('',*,*,#4433,.T.);
#4435=EDGE_LOOP('',(#4429,#4431,#4432,#4434));
#4436=FACE_OUTER_BOUND('',#4435,.F.);
#4438=CARTESIAN_POINT('',(1.4365E1,-4.768E1,9.5E0));
#4439=DIRECTION('',(0.E0,0.E0,1.E0));
#4440=DIRECTION('',(0.E0,-1.E0,0.E0));
#4441=AXIS2_PLACEMENT_3D('',#4438,#4439,#4440);
#4442=CYLINDRICAL_SURFACE('',#4441,1.E0);
#4443=ORIENTED_EDGE('',*,*,#4419,.F.);
#4444=ORIENTED_EDGE('',*,*,#4433,.F.);
#4445=ORIENTED_EDGE('',*,*,#4128,.F.);
#4446=ORIENTED_EDGE('',*,*,#4430,.T.);
#4447=EDGE_LOOP('',(#4443,#4444,#4445,#4446));
#4448=FACE_OUTER_BOUND('',#4447,.F.);
#4450=CARTESIAN_POINT('',(1.4445E1,-4.8E1,7.125E0));
#4451=DIRECTION('',(0.E0,0.E0,-1.E0));
#4452=DIRECTION('',(1.E0,0.E0,0.E0));
#4453=AXIS2_PLACEMENT_3D('',#4450,#4451,#4452);
#4454=CONICAL_SURFACE('',#4453,1.917063172457E0,2.E0);
#4455=ORIENTED_EDGE('',*,*,#4147,.T.);
#4456=ORIENTED_EDGE('',*,*,#4400,.T.);
#4458=ORIENTED_EDGE('',*,*,#4457,.T.);
#4459=ORIENTED_EDGE('',*,*,#4118,.F.);
#4460=EDGE_LOOP('',(#4455,#4456,#4458,#4459));
#4461=FACE_OUTER_BOUND('',#4460,.F.);
#4463=CARTESIAN_POINT('',(-3.166197846483E0,-5.E1,4.75E0));
#4464=DIRECTION('',(0.E0,-9.993908270191E-1,3.489949670250E-2));
#4465=DIRECTION('',(1.E0,0.E0,0.E0));
#4466=AXIS2_PLACEMENT_3D('',#4463,#4464,#4465);
#4467=PLANE('',#4466);
#4468=ORIENTED_EDGE('',*,*,#4457,.F.);
#4469=ORIENTED_EDGE('',*,*,#4386,.T.);
#4471=ORIENTED_EDGE('',*,*,#4470,.T.);
#4472=ORIENTED_EDGE('',*,*,#4120,.T.);
#4473=EDGE_LOOP('',(#4468,#4469,#4471,#4472));
#4474=FACE_OUTER_BOUND('',#4473,.F.);
#4476=CARTESIAN_POINT('',(-3.166197846483E0,-5.42E1,4.75E0));
#4477=DIRECTION('',(9.993908270191E-1,0.E0,3.489949670250E-2));
#4478=DIRECTION('',(0.E0,1.E0,0.E0));
#4479=AXIS2_PLACEMENT_3D('',#4476,#4477,#4478);
#4480=PLANE('',#4479);
#4481=ORIENTED_EDGE('',*,*,#4082,.T.);
#4482=ORIENTED_EDGE('',*,*,#4122,.T.);
#4483=ORIENTED_EDGE('',*,*,#4470,.F.);
#4485=ORIENTED_EDGE('',*,*,#4484,.T.);
#4486=EDGE_LOOP('',(#4481,#4482,#4483,#4485));
#4487=FACE_OUTER_BOUND('',#4486,.F.);
#4489=CARTESIAN_POINT('',(-3.166197846483E0,-5.42E1,4.75E0));
#4490=DIRECTION('',(9.993908270191E-1,0.E0,-3.489949670250E-2));
#4491=DIRECTION('',(0.E0,1.E0,0.E0));
#4492=AXIS2_PLACEMENT_3D('',#4489,#4490,#4491);
#4493=PLANE('',#4492);
#4495=ORIENTED_EDGE('',*,*,#4494,.T.);
#4496=ORIENTED_EDGE('',*,*,#4484,.F.);
#4497=ORIENTED_EDGE('',*,*,#4384,.F.);
#4498=ORIENTED_EDGE('',*,*,#4283,.T.);
#4499=EDGE_LOOP('',(#4495,#4496,#4497,#4498));
#4500=FACE_OUTER_BOUND('',#4499,.F.);
#4502=CARTESIAN_POINT('',(-1.6445E1,-5.42E1,4.75E0));
#4503=DIRECTION('',(0.E0,-9.993908270191E-1,-3.489949670250E-2));
#4504=DIRECTION('',(1.E0,0.E0,0.E0));
#4505=AXIS2_PLACEMENT_3D('',#4502,#4503,#4504);
#4506=PLANE('',#4505);
#4507=ORIENTED_EDGE('',*,*,#4084,.F.);
#4508=ORIENTED_EDGE('',*,*,#4494,.F.);
#4509=ORIENTED_EDGE('',*,*,#4281,.F.);
#4511=ORIENTED_EDGE('',*,*,#4510,.F.);
#4512=EDGE_LOOP('',(#4507,#4508,#4509,#4511));
#4513=FACE_OUTER_BOUND('',#4512,.F.);
#4515=CARTESIAN_POINT('',(-6.685E0,-5.552453054325E1,4.75E0));
#4516=DIRECTION('',(-9.993908270191E-1,0.E0,-3.489949670250E-2));
#4517=DIRECTION('',(0.E0,1.E0,0.E0));
#4518=AXIS2_PLACEMENT_3D('',#4515,#4516,#4517);
#4519=PLANE('',#4518);
#4520=ORIENTED_EDGE('',*,*,#4510,.T.);
#4521=ORIENTED_EDGE('',*,*,#4279,.T.);
#4523=ORIENTED_EDGE('',*,*,#4522,.T.);
#4525=ORIENTED_EDGE('',*,*,#4524,.F.);
#4526=ORIENTED_EDGE('',*,*,#4086,.T.);
#4527=EDGE_LOOP('',(#4520,#4521,#4523,#4525,#4526));
#4528=FACE_OUTER_BOUND('',#4527,.F.);
#4530=CARTESIAN_POINT('',(-1.555953054325E1,-5.21E1,8.25E0));
#4531=DIRECTION('',(0.E0,-9.993908270191E-1,3.489949670250E-2));
#4532=DIRECTION('',(-1.E0,0.E0,0.E0));
#4533=AXIS2_PLACEMENT_3D('',#4530,#4531,#4532);
#4534=PLANE('',#4533);
#4536=ORIENTED_EDGE('',*,*,#4535,.F.);
#4538=ORIENTED_EDGE('',*,*,#4537,.T.);
#4540=ORIENTED_EDGE('',*,*,#4539,.F.);
#4542=ORIENTED_EDGE('',*,*,#4541,.T.);
#4543=ORIENTED_EDGE('',*,*,#4522,.F.);
#4544=ORIENTED_EDGE('',*,*,#4277,.F.);
#4546=ORIENTED_EDGE('',*,*,#4545,.F.);
#4548=ORIENTED_EDGE('',*,*,#4547,.T.);
#4549=EDGE_LOOP('',(#4536,#4538,#4540,#4542,#4543,#4544,#4546,#4548));
#4550=FACE_OUTER_BOUND('',#4549,.F.);
#4552=CARTESIAN_POINT('',(-1.4235E1,-5.16E1,4.625E0));
#4553=DIRECTION('',(0.E0,0.E0,-1.E0));
#4554=DIRECTION('',(1.E0,0.E0,0.E0));
#4555=AXIS2_PLACEMENT_3D('',#4552,#4553,#4554);
#4556=CONICAL_SURFACE('',#4555,6.265877894076E-1,2.E0);
#4558=ORIENTED_EDGE('',*,*,#4557,.F.);
#4560=ORIENTED_EDGE('',*,*,#4559,.T.);
#4562=ORIENTED_EDGE('',*,*,#4561,.F.);
#4563=ORIENTED_EDGE('',*,*,#4535,.T.);
#4564=EDGE_LOOP('',(#4558,#4560,#4562,#4563));
#4565=FACE_OUTER_BOUND('',#4564,.F.);
#4567=CARTESIAN_POINT('',(-1.4535E1,-5.21E1,8.25E0));
#4568=DIRECTION('',(0.E0,0.E0,1.E0));
#4569=DIRECTION('',(1.E0,0.E0,0.E0));
#4570=AXIS2_PLACEMENT_3D('',#4567,#4568,#4569);
#4571=PLANE('',#4570);
#4572=ORIENTED_EDGE('',*,*,#4557,.T.);
#4573=ORIENTED_EDGE('',*,*,#4547,.F.);
#4575=ORIENTED_EDGE('',*,*,#4574,.T.);
#4577=ORIENTED_EDGE('',*,*,#4576,.T.);
#4579=ORIENTED_EDGE('',*,*,#4578,.T.);
#4581=ORIENTED_EDGE('',*,*,#4580,.F.);
#4583=ORIENTED_EDGE('',*,*,#4582,.T.);
#4585=ORIENTED_EDGE('',*,*,#4584,.F.);
#4586=EDGE_LOOP('',(#4572,#4573,#4575,#4577,#4579,#4581,#4583,#4585));
#4587=FACE_OUTER_BOUND('',#4586,.F.);
#4589=CARTESIAN_POINT('',(-5.335E0,-5.16E1,5.625E0));
#4590=DIRECTION('',(0.E0,0.E0,-1.E0));
#4591=DIRECTION('',(1.E0,0.E0,0.E0));
#4592=AXIS2_PLACEMENT_3D('',#4589,#4590,#4591);
#4593=CONICAL_SURFACE('',#4592,5.916670199158E-1,2.E0);
#4595=ORIENTED_EDGE('',*,*,#4594,.T.);
#4596=ORIENTED_EDGE('',*,*,#4574,.F.);
#4597=ORIENTED_EDGE('',*,*,#4545,.T.);
#4598=ORIENTED_EDGE('',*,*,#4275,.F.);
#4599=EDGE_LOOP('',(#4595,#4596,#4597,#4598));
#4600=FACE_OUTER_BOUND('',#4599,.F.);
#4602=CARTESIAN_POINT('',(-4.835E0,-4.907546945675E1,8.25E0));
#4603=DIRECTION('',(9.993908270191E-1,0.E0,3.489949670250E-2));
#4604=DIRECTION('',(0.E0,-1.E0,0.E0));
#4605=AXIS2_PLACEMENT_3D('',#4602,#4603,#4604);
#4606=PLANE('',#4605);
#4608=ORIENTED_EDGE('',*,*,#4607,.F.);
#4609=ORIENTED_EDGE('',*,*,#4576,.F.);
#4610=ORIENTED_EDGE('',*,*,#4594,.F.);
#4611=ORIENTED_EDGE('',*,*,#4273,.F.);
#4612=EDGE_LOOP('',(#4608,#4609,#4610,#4611));
#4613=FACE_OUTER_BOUND('',#4612,.F.);
#4615=CARTESIAN_POINT('',(-5.335E0,-5.04E1,5.625E0));
#4616=DIRECTION('',(0.E0,0.E0,-1.E0));
#4617=DIRECTION('',(0.E0,1.E0,0.E0));
#4618=AXIS2_PLACEMENT_3D('',#4615,#4616,#4617);
#4619=CONICAL_SURFACE('',#4618,5.916670199158E-1,2.E0);
#4621=ORIENTED_EDGE('',*,*,#4620,.T.);
#4622=ORIENTED_EDGE('',*,*,#4578,.F.);
#4623=ORIENTED_EDGE('',*,*,#4607,.T.);
#4624=ORIENTED_EDGE('',*,*,#4271,.F.);
#4625=EDGE_LOOP('',(#4621,#4622,#4623,#4624));
#4626=FACE_OUTER_BOUND('',#4625,.F.);
#4628=CARTESIAN_POINT('',(-1.555953054325E1,-4.99E1,8.25E0));
#4629=DIRECTION('',(0.E0,-9.993908270191E-1,-3.489949670250E-2));
#4630=DIRECTION('',(-1.E0,0.E0,0.E0));
#4631=AXIS2_PLACEMENT_3D('',#4628,#4629,#4630);
#4632=PLANE('',#4631);
#4634=ORIENTED_EDGE('',*,*,#4633,.F.);
#4635=ORIENTED_EDGE('',*,*,#4580,.T.);
#4636=ORIENTED_EDGE('',*,*,#4620,.F.);
#4637=ORIENTED_EDGE('',*,*,#4269,.F.);
#4639=ORIENTED_EDGE('',*,*,#4638,.T.);
#4641=ORIENTED_EDGE('',*,*,#4640,.T.);
#4643=ORIENTED_EDGE('',*,*,#4642,.F.);
#4645=ORIENTED_EDGE('',*,*,#4644,.T.);
#4646=EDGE_LOOP('',(#4634,#4635,#4636,#4637,#4639,#4641,#4643,#4645));
#4647=FACE_OUTER_BOUND('',#4646,.F.);
#4649=CARTESIAN_POINT('',(-1.4235E1,-5.04E1,4.625E0));
#4650=DIRECTION('',(0.E0,0.E0,-1.E0));
#4651=DIRECTION('',(0.E0,-1.E0,0.E0));
#4652=AXIS2_PLACEMENT_3D('',#4649,#4650,#4651);
#4653=CONICAL_SURFACE('',#4652,6.265877894076E-1,2.E0);
#4654=ORIENTED_EDGE('',*,*,#4582,.F.);
#4655=ORIENTED_EDGE('',*,*,#4633,.T.);
#4657=ORIENTED_EDGE('',*,*,#4656,.F.);
#4659=ORIENTED_EDGE('',*,*,#4658,.T.);
#4660=EDGE_LOOP('',(#4654,#4655,#4657,#4659));
#4661=FACE_OUTER_BOUND('',#4660,.F.);
#4663=CARTESIAN_POINT('',(0.E0,0.E0,1.E0));
#4664=DIRECTION('',(0.E0,0.E0,1.E0));
#4665=DIRECTION('',(1.E0,0.E0,0.E0));
#4666=AXIS2_PLACEMENT_3D('',#4663,#4664,#4665);
#4667=PLANE('',#4666);
#4669=ORIENTED_EDGE('',*,*,#4668,.F.);
#4670=ORIENTED_EDGE('',*,*,#4656,.T.);
#4671=ORIENTED_EDGE('',*,*,#4644,.F.);
#4673=ORIENTED_EDGE('',*,*,#4672,.F.);
#4675=ORIENTED_EDGE('',*,*,#4674,.T.);
#4677=ORIENTED_EDGE('',*,*,#4676,.F.);
#4679=ORIENTED_EDGE('',*,*,#4678,.F.);
#4680=ORIENTED_EDGE('',*,*,#4033,.F.);
#4681=ORIENTED_EDGE('',*,*,#4049,.T.);
#4682=ORIENTED_EDGE('',*,*,#4066,.F.);
#4684=ORIENTED_EDGE('',*,*,#4683,.F.);
#4685=ORIENTED_EDGE('',*,*,#4537,.F.);
#4686=ORIENTED_EDGE('',*,*,#4561,.T.);
#4687=EDGE_LOOP('',(#4669,#4670,#4671,#4673,#4675,#4677,#4679,#4680,#4681,#4682,
#4684,#4685,#4686));
#4688=FACE_OUTER_BOUND('',#4687,.F.);
#4690=ORIENTED_EDGE('',*,*,#4689,.T.);
#4692=ORIENTED_EDGE('',*,*,#4691,.T.);
#4693=EDGE_LOOP('',(#4690,#4692));
#4694=FACE_BOUND('',#4693,.F.);
#4696=CARTESIAN_POINT('',(-1.4735E1,-4.907546945675E1,8.25E0));
#4697=DIRECTION('',(-9.993908270191E-1,0.E0,3.489949670250E-2));
#4698=DIRECTION('',(0.E0,1.E0,0.E0));
#4699=AXIS2_PLACEMENT_3D('',#4696,#4697,#4698);
#4700=PLANE('',#4699);
#4701=ORIENTED_EDGE('',*,*,#4559,.F.);
#4702=ORIENTED_EDGE('',*,*,#4584,.T.);
#4703=ORIENTED_EDGE('',*,*,#4658,.F.);
#4704=ORIENTED_EDGE('',*,*,#4668,.T.);
#4705=EDGE_LOOP('',(#4701,#4702,#4703,#4704));
#4706=FACE_OUTER_BOUND('',#4705,.F.);
#4708=CARTESIAN_POINT('',(-1.2785E1,-4.327546945675E1,8.25E0));
#4709=DIRECTION('',(9.993908270191E-1,0.E0,-3.489949670250E-2));
#4710=DIRECTION('',(0.E0,-1.E0,0.E0));
#4711=AXIS2_PLACEMENT_3D('',#4708,#4709,#4710);
#4712=PLANE('',#4711);
#4714=ORIENTED_EDGE('',*,*,#4713,.F.);
#4715=ORIENTED_EDGE('',*,*,#4672,.T.);
#4716=ORIENTED_EDGE('',*,*,#4642,.T.);
#4718=ORIENTED_EDGE('',*,*,#4717,.T.);
#4719=EDGE_LOOP('',(#4714,#4715,#4716,#4718));
#4720=FACE_OUTER_BOUND('',#4719,.F.);
#4722=CARTESIAN_POINT('',(-1.2285E1,-4.82E1,3.75E0));
#4723=DIRECTION('',(0.E0,0.E0,-1.E0));
#4724=DIRECTION('',(0.E0,-1.E0,0.E0));
#4725=AXIS2_PLACEMENT_3D('',#4722,#4723,#4724);
#4726=CONICAL_SURFACE('',#4725,6.571434627129E-1,2.E0);
#4728=ORIENTED_EDGE('',*,*,#4727,.F.);
#4730=ORIENTED_EDGE('',*,*,#4729,.T.);
#4731=ORIENTED_EDGE('',*,*,#4674,.F.);
#4732=ORIENTED_EDGE('',*,*,#4713,.T.);
#4733=EDGE_LOOP('',(#4728,#4730,#4731,#4732));
#4734=FACE_OUTER_BOUND('',#4733,.F.);
#4736=CARTESIAN_POINT('',(-6.785E0,-4.99E1,6.5E0));
#4737=DIRECTION('',(0.E0,0.E0,1.E0));
#4738=DIRECTION('',(-1.E0,0.E0,0.E0));
#4739=AXIS2_PLACEMENT_3D('',#4736,#4737,#4738);
#4740=PLANE('',#4739);
#4742=ORIENTED_EDGE('',*,*,#4741,.T.);
#4744=ORIENTED_EDGE('',*,*,#4743,.F.);
#4745=ORIENTED_EDGE('',*,*,#4727,.T.);
#4746=ORIENTED_EDGE('',*,*,#4717,.F.);
#4747=ORIENTED_EDGE('',*,*,#4640,.F.);
#4749=ORIENTED_EDGE('',*,*,#4748,.T.);
#4750=EDGE_LOOP('',(#4742,#4744,#4745,#4746,#4747,#4749));
#4751=FACE_OUTER_BOUND('',#4750,.F.);
#4753=CARTESIAN_POINT('',(-7.285E0,-4.82E1,4.75E0));
#4754=DIRECTION('',(0.E0,0.E0,-1.E0));
#4755=DIRECTION('',(0.E0,1.E0,0.E0));
#4756=AXIS2_PLACEMENT_3D('',#4753,#4754,#4755);
#4757=CONICAL_SURFACE('',#4756,6.222226932211E-1,2.E0);
#4759=ORIENTED_EDGE('',*,*,#4758,.T.);
#4761=ORIENTED_EDGE('',*,*,#4760,.T.);
#4762=ORIENTED_EDGE('',*,*,#4265,.F.);
#4764=ORIENTED_EDGE('',*,*,#4763,.T.);
#4766=ORIENTED_EDGE('',*,*,#4765,.T.);
#4767=ORIENTED_EDGE('',*,*,#4741,.F.);
#4768=EDGE_LOOP('',(#4759,#4761,#4762,#4764,#4766,#4767));
#4769=FACE_OUTER_BOUND('',#4768,.F.);
#4771=CARTESIAN_POINT('',(-6.785E0,-4.687546945675E1,8.25E0));
#4772=DIRECTION('',(9.993908270191E-1,0.E0,3.489949670250E-2));
#4773=DIRECTION('',(0.E0,-1.E0,0.E0));
#4774=AXIS2_PLACEMENT_3D('',#4771,#4772,#4773);
#4775=PLANE('',#4774);
#4776=ORIENTED_EDGE('',*,*,#4638,.F.);
#4777=ORIENTED_EDGE('',*,*,#4267,.F.);
#4778=ORIENTED_EDGE('',*,*,#4760,.F.);
#4779=ORIENTED_EDGE('',*,*,#4758,.F.);
#4780=ORIENTED_EDGE('',*,*,#4748,.F.);
#4781=EDGE_LOOP('',(#4776,#4777,#4778,#4779,#4780));
#4782=FACE_OUTER_BOUND('',#4781,.F.);
#4784=CARTESIAN_POINT('',(-1.360953054325E1,-4.77E1,8.25E0));
#4785=DIRECTION('',(0.E0,-9.993908270191E-1,-3.489949670250E-2));
#4786=DIRECTION('',(-1.E0,0.E0,0.E0));
#4787=AXIS2_PLACEMENT_3D('',#4784,#4785,#4786);
#4788=PLANE('',#4787);
#4789=ORIENTED_EDGE('',*,*,#4763,.F.);
#4790=ORIENTED_EDGE('',*,*,#4263,.F.);
#4792=ORIENTED_EDGE('',*,*,#4791,.T.);
#4793=ORIENTED_EDGE('',*,*,#3998,.T.);
#4795=ORIENTED_EDGE('',*,*,#4794,.T.);
#4796=ORIENTED_EDGE('',*,*,#4676,.T.);
#4797=ORIENTED_EDGE('',*,*,#4729,.F.);
#4798=ORIENTED_EDGE('',*,*,#4743,.T.);
#4799=ORIENTED_EDGE('',*,*,#4765,.F.);
#4800=EDGE_LOOP('',(#4789,#4790,#4792,#4793,#4795,#4796,#4797,#4798,#4799));
#4801=FACE_OUTER_BOUND('',#4800,.F.);
#4803=CARTESIAN_POINT('',(-7.735E0,-1.087546945675E1,4.75E0));
#4804=DIRECTION('',(9.993908270191E-1,0.E0,3.489949670250E-2));
#4805=DIRECTION('',(0.E0,-1.E0,0.E0));
#4806=AXIS2_PLACEMENT_3D('',#4803,#4804,#4805);
#4807=PLANE('',#4806);
#4809=ORIENTED_EDGE('',*,*,#4808,.F.);
#4810=ORIENTED_EDGE('',*,*,#4000,.F.);
#4811=ORIENTED_EDGE('',*,*,#4791,.F.);
#4812=ORIENTED_EDGE('',*,*,#4261,.F.);
#4813=EDGE_LOOP('',(#4809,#4810,#4811,#4812));
#4814=FACE_OUTER_BOUND('',#4813,.F.);
#4816=CARTESIAN_POINT('',(-6.735E0,-1.22E1,3.875E0));
#4817=DIRECTION('',(0.E0,0.E0,1.E0));
#4818=DIRECTION('',(0.E0,1.E0,0.E0));
#4819=AXIS2_PLACEMENT_3D('',#4816,#4817,#4818);
#4820=CONICAL_SURFACE('',#4819,9.694443266947E-1,2.E0);
#4821=ORIENTED_EDGE('',*,*,#4808,.T.);
#4822=ORIENTED_EDGE('',*,*,#4259,.F.);
#4824=ORIENTED_EDGE('',*,*,#4823,.T.);
#4825=ORIENTED_EDGE('',*,*,#4002,.F.);
#4826=EDGE_LOOP('',(#4821,#4822,#4824,#4825));
#4827=FACE_OUTER_BOUND('',#4826,.F.);
#4829=CARTESIAN_POINT('',(1.795305432546E-1,-1.12E1,4.75E0));
#4830=DIRECTION('',(0.E0,-9.993908270191E-1,3.489949670250E-2));
#4831=DIRECTION('',(-1.E0,0.E0,0.E0));
#4832=AXIS2_PLACEMENT_3D('',#4829,#4830,#4831);
#4833=PLANE('',#4832);
#4834=ORIENTED_EDGE('',*,*,#4823,.F.);
#4835=ORIENTED_EDGE('',*,*,#4257,.F.);
#4837=ORIENTED_EDGE('',*,*,#4836,.F.);
#4838=ORIENTED_EDGE('',*,*,#4004,.T.);
#4839=EDGE_LOOP('',(#4834,#4835,#4837,#4838));
#4840=FACE_OUTER_BOUND('',#4839,.F.);
#4842=CARTESIAN_POINT('',(-1.845E0,-1.02E1,3.875E0));
#4843=DIRECTION('',(0.E0,0.E0,-1.E0));
#4844=DIRECTION('',(0.E0,1.E0,0.E0));
#4845=AXIS2_PLACEMENT_3D('',#4842,#4843,#4844);
#4846=CONICAL_SURFACE('',#4845,1.030555673305E0,2.E0);
#4847=ORIENTED_EDGE('',*,*,#4006,.F.);
#4848=ORIENTED_EDGE('',*,*,#4836,.T.);
#4849=ORIENTED_EDGE('',*,*,#4255,.F.);
#4850=ORIENTED_EDGE('',*,*,#3982,.T.);
#4851=EDGE_LOOP('',(#4847,#4848,#4849,#4850));
#4852=FACE_OUTER_BOUND('',#4851,.F.);
#4854=CARTESIAN_POINT('',(-1.1035E1,-4.327546945675E1,4.75E0));
#4855=DIRECTION('',(-9.993908270191E-1,0.E0,3.489949670250E-2));
#4856=DIRECTION('',(0.E0,1.E0,0.E0));
#4857=AXIS2_PLACEMENT_3D('',#4854,#4855,#4856);
#4858=PLANE('',#4857);
#4859=ORIENTED_EDGE('',*,*,#4035,.T.);
#4860=ORIENTED_EDGE('',*,*,#4678,.T.);
#4861=ORIENTED_EDGE('',*,*,#4794,.F.);
#4862=ORIENTED_EDGE('',*,*,#3996,.T.);
#4863=EDGE_LOOP('',(#4859,#4860,#4861,#4862));
#4864=FACE_OUTER_BOUND('',#4863,.F.);
#4866=CARTESIAN_POINT('',(-1.2885E1,-5.077546945675E1,4.75E0));
#4867=DIRECTION('',(9.993908270191E-1,0.E0,-3.489949670250E-2));
#4868=DIRECTION('',(0.E0,-1.E0,0.E0));
#4869=AXIS2_PLACEMENT_3D('',#4866,#4867,#4868);
#4870=PLANE('',#4869);
#4871=ORIENTED_EDGE('',*,*,#4090,.T.);
#4873=ORIENTED_EDGE('',*,*,#4872,.T.);
#4874=ORIENTED_EDGE('',*,*,#4539,.T.);
#4875=ORIENTED_EDGE('',*,*,#4683,.T.);
#4876=ORIENTED_EDGE('',*,*,#4064,.T.);
#4877=EDGE_LOOP('',(#4871,#4873,#4874,#4875,#4876));
#4878=FACE_OUTER_BOUND('',#4877,.F.);
#4880=CARTESIAN_POINT('',(-6.685E0,-5.42E1,6.6E0));
#4881=DIRECTION('',(0.E0,0.E0,1.E0));
#4882=DIRECTION('',(-1.E0,0.E0,0.E0));
#4883=AXIS2_PLACEMENT_3D('',#4880,#4881,#4882);
#4884=PLANE('',#4883);
#4885=ORIENTED_EDGE('',*,*,#4088,.F.);
#4886=ORIENTED_EDGE('',*,*,#4524,.T.);
#4887=ORIENTED_EDGE('',*,*,#4541,.F.);
#4888=ORIENTED_EDGE('',*,*,#4872,.F.);
#4889=EDGE_LOOP('',(#4885,#4886,#4887,#4888));
#4890=FACE_OUTER_BOUND('',#4889,.F.);
#4892=CARTESIAN_POINT('',(-1.4285E1,-4.768E1,9.5E0));
#4893=DIRECTION('',(0.E0,0.E0,1.E0));
#4894=DIRECTION('',(0.E0,-1.E0,0.E0));
#4895=AXIS2_PLACEMENT_3D('',#4892,#4893,#4894);
#4896=CYLINDRICAL_SURFACE('',#4895,1.E0);
#4897=ORIENTED_EDGE('',*,*,#4689,.F.);
#4899=ORIENTED_EDGE('',*,*,#4898,.F.);
#4900=ORIENTED_EDGE('',*,*,#4132,.F.);
#4902=ORIENTED_EDGE('',*,*,#4901,.T.);
#4903=EDGE_LOOP('',(#4897,#4899,#4900,#4902));
#4904=FACE_OUTER_BOUND('',#4903,.F.);
#4906=CARTESIAN_POINT('',(-1.4285E1,-4.768E1,9.5E0));
#4907=DIRECTION('',(0.E0,0.E0,1.E0));
#4908=DIRECTION('',(0.E0,-1.E0,0.E0));
#4909=AXIS2_PLACEMENT_3D('',#4906,#4907,#4908);
#4910=CYLINDRICAL_SURFACE('',#4909,1.E0);
#4911=ORIENTED_EDGE('',*,*,#4691,.F.);
#4912=ORIENTED_EDGE('',*,*,#4901,.F.);
#4913=ORIENTED_EDGE('',*,*,#4134,.F.);
#4914=ORIENTED_EDGE('',*,*,#4898,.T.);
#4915=EDGE_LOOP('',(#4911,#4912,#4913,#4914));
#4916=FACE_OUTER_BOUND('',#4915,.F.);
#4918=CARTESIAN_POINT('',(-1.666197846483E0,-5.42E1,7.5E0));
#4919=DIRECTION('',(0.E0,0.E0,1.E0));
#4920=DIRECTION('',(-1.E0,0.E0,0.E0));
#4921=AXIS2_PLACEMENT_3D('',#4918,#4919,#4920);
#4922=PLANE('',#4921);
#4923=ORIENTED_EDGE('',*,*,#4300,.F.);
#4924=ORIENTED_EDGE('',*,*,#4205,.F.);
#4925=ORIENTED_EDGE('',*,*,#4228,.F.);
#4927=ORIENTED_EDGE('',*,*,#4926,.F.);
#4928=EDGE_LOOP('',(#4923,#4924,#4925,#4927));
#4929=FACE_OUTER_BOUND('',#4928,.F.);
#4931=CARTESIAN_POINT('',(-4.785E0,-4.982453054325E1,8.25E0));
#4932=DIRECTION('',(-9.993908270191E-1,0.E0,3.489949670250E-2));
#4933=DIRECTION('',(0.E0,1.E0,0.E0));
#4934=AXIS2_PLACEMENT_3D('',#4931,#4932,#4933);
#4935=PLANE('',#4934);
#4936=ORIENTED_EDGE('',*,*,#4248,.F.);
#4937=ORIENTED_EDGE('',*,*,#4302,.T.);
#4938=ORIENTED_EDGE('',*,*,#4926,.T.);
#4939=ORIENTED_EDGE('',*,*,#4226,.F.);
#4940=EDGE_LOOP('',(#4936,#4937,#4938,#4939));
#4941=FACE_OUTER_BOUND('',#4940,.F.);
#4943=CARTESIAN_POINT('',(2.753804415138E0,-5.E1,3.E0));
#4944=DIRECTION('',(-1.E0,0.E0,0.E0));
#4945=DIRECTION('',(0.E0,1.E0,0.E0));
#4946=AXIS2_PLACEMENT_3D('',#4943,#4944,#4945);
#4947=PLANE('',#4946);
#4948=ORIENTED_EDGE('',*,*,#4236,.T.);
#4950=ORIENTED_EDGE('',*,*,#4949,.T.);
#4951=ORIENTED_EDGE('',*,*,#3964,.T.);
#4952=ORIENTED_EDGE('',*,*,#4251,.F.);
#4953=EDGE_LOOP('',(#4948,#4950,#4951,#4952));
#4954=FACE_OUTER_BOUND('',#4953,.F.);
#4956=CARTESIAN_POINT('',(0.E0,0.E0,4.2E0));
#4957=DIRECTION('',(0.E0,0.E0,-1.E0));
#4958=DIRECTION('',(-1.E0,0.E0,0.E0));
#4959=AXIS2_PLACEMENT_3D('',#4956,#4957,#4958);
#4960=PLANE('',#4959);
#4961=ORIENTED_EDGE('',*,*,#4234,.F.);
#4963=ORIENTED_EDGE('',*,*,#4962,.F.);
#4964=ORIENTED_EDGE('',*,*,#3966,.T.);
#4965=ORIENTED_EDGE('',*,*,#4949,.F.);
#4966=EDGE_LOOP('',(#4961,#4963,#4964,#4965));
#4967=FACE_OUTER_BOUND('',#4966,.F.);
#4969=CARTESIAN_POINT('',(4.753804415138E0,2.482453054325E1,4.75E0));
#4970=DIRECTION('',(9.993908270191E-1,0.E0,3.489949670250E-2));
#4971=DIRECTION('',(0.E0,-1.E0,0.E0));
#4972=AXIS2_PLACEMENT_3D('',#4969,#4970,#4971);
#4973=PLANE('',#4972);
#4974=ORIENTED_EDGE('',*,*,#4232,.T.);
#4975=ORIENTED_EDGE('',*,*,#2797,.F.);
#4976=ORIENTED_EDGE('',*,*,#3968,.F.);
#4977=ORIENTED_EDGE('',*,*,#4962,.T.);
#4978=EDGE_LOOP('',(#4974,#4975,#4976,#4977));
#4979=FACE_OUTER_BOUND('',#4978,.F.);
#4981=CARTESIAN_POINT('',(-3.445E0,-1.122453054325E1,4.75E0));
#4982=DIRECTION('',(-9.993908270191E-1,0.E0,3.489949670250E-2));
#4983=DIRECTION('',(0.E0,1.E0,0.E0));
#4984=AXIS2_PLACEMENT_3D('',#4981,#4982,#4983);
#4985=PLANE('',#4984);
#4987=ORIENTED_EDGE('',*,*,#4986,.T.);
#4989=ORIENTED_EDGE('',*,*,#4988,.F.);
#4991=ORIENTED_EDGE('',*,*,#4990,.F.);
#4992=ORIENTED_EDGE('',*,*,#4010,.T.);
#4993=EDGE_LOOP('',(#4987,#4989,#4991,#4992));
#4994=FACE_OUTER_BOUND('',#4993,.F.);
#4996=CARTESIAN_POINT('',(1.4445E1,-7.9E0,4.75E0));
#4997=DIRECTION('',(0.E0,9.993908270191E-1,-3.489949670250E-2));
#4998=DIRECTION('',(-1.E0,0.E0,0.E0));
#4999=AXIS2_PLACEMENT_3D('',#4996,#4997,#4998);
#5000=PLANE('',#4999);
#5002=ORIENTED_EDGE('',*,*,#5001,.F.);
#5004=ORIENTED_EDGE('',*,*,#5003,.T.);
#5005=ORIENTED_EDGE('',*,*,#4986,.F.);
#5006=ORIENTED_EDGE('',*,*,#2730,.F.);
#5007=EDGE_LOOP('',(#5002,#5004,#5005,#5006));
#5008=FACE_OUTER_BOUND('',#5007,.F.);
#5010=CARTESIAN_POINT('',(-1.1145E1,-7.9E0,4.75E0));
#5011=DIRECTION('',(-9.993908270191E-1,0.E0,-3.489949670250E-2));
#5012=DIRECTION('',(0.E0,-1.E0,0.E0));
#5013=AXIS2_PLACEMENT_3D('',#5010,#5011,#5012);
#5014=PLANE('',#5013);
#5015=ORIENTED_EDGE('',*,*,#2505,.F.);
#5017=ORIENTED_EDGE('',*,*,#5016,.F.);
#5019=ORIENTED_EDGE('',*,*,#5018,.T.);
#5020=ORIENTED_EDGE('',*,*,#5001,.T.);
#5021=EDGE_LOOP('',(#5015,#5017,#5019,#5020));
#5022=FACE_OUTER_BOUND('',#5021,.F.);
#5024=CARTESIAN_POINT('',(-8.410469456745E0,-3.11E1,4.75E0));
#5025=DIRECTION('',(0.E0,-9.993908270191E-1,-3.489949670250E-2));
#5026=DIRECTION('',(-1.E0,0.E0,0.E0));
#5027=AXIS2_PLACEMENT_3D('',#5024,#5025,#5026);
#5028=PLANE('',#5027);
#5029=ORIENTED_EDGE('',*,*,#5016,.T.);
#5030=ORIENTED_EDGE('',*,*,#4020,.T.);
#5032=ORIENTED_EDGE('',*,*,#5031,.F.);
#5034=ORIENTED_EDGE('',*,*,#5033,.T.);
#5035=EDGE_LOOP('',(#5029,#5030,#5032,#5034));
#5036=FACE_OUTER_BOUND('',#5035,.F.);
#5038=CARTESIAN_POINT('',(-9.735E0,-8.575469456745E0,4.75E0));
#5039=DIRECTION('',(9.993908270191E-1,0.E0,-3.489949670250E-2));
#5040=DIRECTION('',(0.E0,-1.E0,0.E0));
#5041=AXIS2_PLACEMENT_3D('',#5038,#5039,#5040);
#5042=PLANE('',#5041);
#5044=ORIENTED_EDGE('',*,*,#5043,.F.);
#5046=ORIENTED_EDGE('',*,*,#5045,.T.);
#5047=ORIENTED_EDGE('',*,*,#5031,.T.);
#5048=ORIENTED_EDGE('',*,*,#4018,.F.);
#5049=EDGE_LOOP('',(#5044,#5046,#5047,#5048));
#5050=FACE_OUTER_BOUND('',#5049,.F.);
#5052=CARTESIAN_POINT('',(-8.735E0,-1.02E1,3.875E0));
#5053=DIRECTION('',(0.E0,0.E0,-1.E0));
#5054=DIRECTION('',(0.E0,-1.E0,0.E0));
#5055=AXIS2_PLACEMENT_3D('',#5052,#5053,#5054);
#5056=CONICAL_SURFACE('',#5055,1.030555673305E0,2.E0);
#5057=ORIENTED_EDGE('',*,*,#4016,.F.);
#5059=ORIENTED_EDGE('',*,*,#5058,.T.);
#5061=ORIENTED_EDGE('',*,*,#5060,.F.);
#5062=ORIENTED_EDGE('',*,*,#5043,.T.);
#5063=EDGE_LOOP('',(#5057,#5059,#5061,#5062));
#5064=FACE_OUTER_BOUND('',#5063,.F.);
#5066=CARTESIAN_POINT('',(-1.876953054325E1,-9.2E0,4.75E0));
#5067=DIRECTION('',(0.E0,-9.993908270191E-1,-3.489949670250E-2));
#5068=DIRECTION('',(-1.E0,0.E0,0.E0));
#5069=AXIS2_PLACEMENT_3D('',#5066,#5067,#5068);
#5070=PLANE('',#5069);
#5072=ORIENTED_EDGE('',*,*,#5071,.F.);
#5074=ORIENTED_EDGE('',*,*,#5073,.T.);
#5075=ORIENTED_EDGE('',*,*,#5058,.F.);
#5076=ORIENTED_EDGE('',*,*,#4014,.F.);
#5077=EDGE_LOOP('',(#5072,#5074,#5075,#5076));
#5078=FACE_OUTER_BOUND('',#5077,.F.);
#5080=CARTESIAN_POINT('',(-4.445E0,-8.2E0,3.875E0));
#5081=DIRECTION('',(0.E0,0.E0,1.E0));
#5082=DIRECTION('',(-1.E0,0.E0,0.E0));
#5083=AXIS2_PLACEMENT_3D('',#5080,#5081,#5082);
#5084=CONICAL_SURFACE('',#5083,9.694443266947E-1,2.E0);
#5086=ORIENTED_EDGE('',*,*,#5085,.F.);
#5087=ORIENTED_EDGE('',*,*,#5071,.T.);
#5088=ORIENTED_EDGE('',*,*,#4012,.F.);
#5089=ORIENTED_EDGE('',*,*,#4990,.T.);
#5090=EDGE_LOOP('',(#5086,#5087,#5088,#5089));
#5091=FACE_OUTER_BOUND('',#5090,.F.);
#5093=CARTESIAN_POINT('',(0.E0,0.E0,3.E0));
#5094=DIRECTION('',(0.E0,0.E0,1.E0));
#5095=DIRECTION('',(1.E0,0.E0,0.E0));
#5096=AXIS2_PLACEMENT_3D('',#5093,#5094,#5095);
#5097=PLANE('',#5096);
#5098=ORIENTED_EDGE('',*,*,#5085,.T.);
#5099=ORIENTED_EDGE('',*,*,#4988,.T.);
#5100=ORIENTED_EDGE('',*,*,#5003,.F.);
#5101=ORIENTED_EDGE('',*,*,#5018,.F.);
#5102=ORIENTED_EDGE('',*,*,#5033,.F.);
#5103=ORIENTED_EDGE('',*,*,#5045,.F.);
#5104=ORIENTED_EDGE('',*,*,#5060,.T.);
#5105=ORIENTED_EDGE('',*,*,#5073,.F.);
#5106=EDGE_LOOP('',(#5098,#5099,#5100,#5101,#5102,#5103,#5104,#5105));
#5107=FACE_OUTER_BOUND('',#5106,.F.);
#5109=CLOSED_SHELL('',(#2517,#2540,#2555,#2570,#2585,#2600,#2615,#2630,#2645,
#2692,#2707,#2720,#2738,#2752,#2767,#2782,#2811,#2828,#2847,#2862,#2877,#2892,
#2906,#2918,#2932,#2946,#2960,#2974,#2991,#3010,#3024,#3038,#3078,#3092,#3106,
#3144,#3159,#3180,#3194,#3207,#3219,#3233,#3256,#3272,#3286,#3300,#3313,#3327,
#3345,#3358,#3376,#3391,#3409,#3423,#3437,#3453,#3468,#3482,#3515,#3528,#3541,
#3554,#3567,#3579,#3594,#3612,#3624,#3636,#3651,#3668,#3680,#3698,#3722,#3741,
#3764,#3781,#3798,#3814,#3830,#3844,#3856,#3871,#3883,#3895,#3911,#3925,#3940,
#3952,#3973,#3988,#4025,#4041,#4056,#4071,#4094,#4107,#4138,#4152,#4167,#4184,
#4196,#4218,#4240,#4291,#4313,#4327,#4341,#4355,#4368,#4390,#4404,#4423,#4437,
#4449,#4462,#4475,#4488,#4501,#4514,#4529,#4551,#4566,#4588,#4601,#4614,#4627,
#4648,#4662,#4695,#4707,#4721,#4735,#4752,#4770,#4783,#4802,#4815,#4828,#4841,
#4853,#4865,#4879,#4891,#4905,#4917,#4930,#4942,#4955,#4968,#4980,#4995,#5009,
#5023,#5037,#5051,#5065,#5079,#5092,#5108));
#5110=MANIFOLD_SOLID_BREP('',#5109);
#5113=PLANE_ANGLE_MEASURE_WITH_UNIT(PLANE_ANGLE_MEASURE(1.745329251994E-2),
#5112);
#5114=(CONVERSION_BASED_UNIT('DEGREE',#5113)NAMED_UNIT(*)PLANE_ANGLE_UNIT());
#5116=UNCERTAINTY_MEASURE_WITH_UNIT(LENGTH_MEASURE(1.103734303971E-2),#5111,
'distance_accuracy_value',
'Maximum model space distance between geometric entities at asserted connectivities');
#5119=APPLICATION_CONTEXT('automotive_design');
#5120=APPLICATION_PROTOCOL_DEFINITION('international standard',
'automotive_design',2001,#5119);
#5121=PRODUCT_DEFINITION_CONTEXT('part definition',#5119,'design');
#5122=PRODUCT_CONTEXT('',#5119,'mechanical');
#5123=PRODUCT('H615_4_','H615_4_','NOT SPECIFIED',(#5122));
#5124=PRODUCT_DEFINITION_FORMATION('1','LAST_VERSION',#5123);
#5132=DERIVED_UNIT_ELEMENT(#5131,2.E0);
#5133=DERIVED_UNIT((#5132));
#5134=MEASURE_REPRESENTATION_ITEM('surface area measure',AREA_MEASURE(
5.604510988815E3),#5133);
#5139=DERIVED_UNIT_ELEMENT(#5138,3.E0);
#5140=DERIVED_UNIT((#5139));
#5141=MEASURE_REPRESENTATION_ITEM('volume measure',VOLUME_MEASURE(
5.104295204819E3),#5140);
#5145=CARTESIAN_POINT('centre point',(1.956667368341E0,-1.039690271071E1,
5.146182128116E0));
#5150=DERIVED_UNIT_ELEMENT(#5149,2.E0);
#5151=DERIVED_UNIT((#5150));
#5152=MEASURE_REPRESENTATION_ITEM('surface area measure',AREA_MEASURE(
5.604510988815E3),#5151);
#5157=DERIVED_UNIT_ELEMENT(#5156,3.E0);
#5158=DERIVED_UNIT((#5157));
#5159=MEASURE_REPRESENTATION_ITEM('volume measure',VOLUME_MEASURE(
5.104295204819E3),#5158);
#5163=CARTESIAN_POINT('centre point',(1.956667368341E0,-1.039690271071E1,
5.146182128116E0));
#5168=PRODUCT_RELATED_PRODUCT_CATEGORY('part','',(#5123));
#1=DRAUGHTING_PRE_DEFINED_COLOUR('green');
#2=COLOUR_RGB('',1.1E-2,1.2E-2,1.E0);
#3=COLOUR_RGB('',4.1E-1,2.61589E-1,1.12848E-1);
#4=COLOUR_RGB('',5.04854E-1,1.5455E-2,1.5455E-2);
#5=COLOUR_RGB('',6.35294E-1,6.86275E-1,7.4902E-1);
#6=COLOUR_RGB('',6.40777E-1,6.40777E-1,6.40777E-1);
#7=COLOUR_RGB('',6.69062E-1,6.69903E-1,6.55217E-1);
#8=COLOUR_RGB('',9.21569E-1,7.05882E-1,4.70588E-1);
#9=DRAUGHTING_PRE_DEFINED_COLOUR('red');
#10=DRAUGHTING_PRE_DEFINED_COLOUR('yellow');
#11=COLOUR_RGB('',1.E0,1.E0,5.3E-1);
#12=COLOUR_RGB('',1.E0,1.E0,9.49E-1);
#13=DRAUGHTING_PRE_DEFINED_COLOUR('white');
#70=CIRCLE('',#69,5.E-1);
#104=B_SPLINE_CURVE_WITH_KNOTS('',3,(#95,#96,#97,#98,#99,#100,#101,#102,#103),
.UNSPECIFIED.,.F.,.F.,(4,1,1,1,1,1,4),(0.E0,1.666666666667E-1,3.333333333333E-1,
5.E-1,6.666666666667E-1,8.333333333333E-1,1.E0),.UNSPECIFIED.);
#122=B_SPLINE_CURVE_WITH_KNOTS('',3,(#113,#114,#115,#116,#117,#118,#119,#120,
#121),.UNSPECIFIED.,.F.,.F.,(4,1,1,1,1,1,4),(0.E0,1.666666666667E-1,
3.333333333333E-1,5.E-1,6.666666666667E-1,8.333333333333E-1,1.E0),
.UNSPECIFIED.);
#132=B_SPLINE_CURVE_WITH_KNOTS('',3,(#123,#124,#125,#126,#127,#128,#129,#130,
#131),.UNSPECIFIED.,.F.,.F.,(4,1,1,1,1,1,4),(0.E0,1.666666666667E-1,
3.333333333333E-1,5.E-1,6.666666666667E-1,8.333333333333E-1,1.E0),
.UNSPECIFIED.);
#149=CIRCLE('',#148,1.E0);
#154=CIRCLE('',#153,1.E0);
#195=CIRCLE('',#194,5.471430388138E-1);
#221=B_SPLINE_CURVE_WITH_KNOTS('',3,(#212,#213,#214,#215,#216,#217,#218,#219,
#220),.UNSPECIFIED.,.F.,.F.,(4,1,1,1,1,1,4),(0.E0,1.666666666667E-1,
3.333333333333E-1,5.E-1,6.666666666667E-1,8.333333333333E-1,1.E0),
.UNSPECIFIED.);
#239=B_SPLINE_CURVE_WITH_KNOTS('',3,(#230,#231,#232,#233,#234,#235,#236,#237,
#238),.UNSPECIFIED.,.F.,.F.,(4,1,1,1,1,1,4),(0.E0,1.666666666667E-1,
3.333333333333E-1,5.E-1,6.666666666667E-1,8.333333333333E-1,1.E0),
.UNSPECIFIED.);
#253=B_SPLINE_CURVE_WITH_KNOTS('',3,(#244,#245,#246,#247,#248,#249,#250,#251,
#252),.UNSPECIFIED.,.F.,.F.,(4,1,1,1,1,1,4),(0.E0,1.666666666667E-1,
3.333333333333E-1,5.E-1,6.666666666667E-1,8.333333333333E-1,1.E0),
.UNSPECIFIED.);
#274=CIRCLE('',#273,5.611113466106E-1);
#335=B_SPLINE_CURVE_WITH_KNOTS('',3,(#327,#328,#329,#330,#331,#332,#333,#334),
.UNSPECIFIED.,.F.,.F.,(4,1,1,1,1,4),(0.E0,2.E-1,4.E-1,6.E-1,8.E-1,1.E0),
.UNSPECIFIED.);
#392=B_SPLINE_CURVE_WITH_KNOTS('',3,(#384,#385,#386,#387,#388,#389,#390,#391),
.UNSPECIFIED.,.F.,.F.,(4,1,1,1,1,4),(0.E0,2.E-1,4.E-1,6.E-1,8.E-1,1.E0),
.UNSPECIFIED.);
#437=B_SPLINE_CURVE_WITH_KNOTS('',3,(#429,#430,#431,#432,#433,#434,#435,#436),
.UNSPECIFIED.,.F.,.F.,(4,1,1,1,1,4),(0.E0,2.E-1,4.E-1,6.E-1,8.E-1,1.E0),
.UNSPECIFIED.);
#463=B_SPLINE_CURVE_WITH_KNOTS('',3,(#454,#455,#456,#457,#458,#459,#460,#461,
#462),.UNSPECIFIED.,.F.,.F.,(4,1,1,1,1,1,4),(0.E0,1.666666666667E-1,
3.333333333333E-1,5.E-1,6.666666666667E-1,8.333333333333E-1,1.E0),
.UNSPECIFIED.);
#484=B_SPLINE_CURVE_WITH_KNOTS('',3,(#476,#477,#478,#479,#480,#481,#482,#483),
.UNSPECIFIED.,.F.,.F.,(4,1,1,1,1,4),(0.E0,2.E-1,4.E-1,6.E-1,8.E-1,1.E0),
.UNSPECIFIED.);
#514=B_SPLINE_CURVE_WITH_KNOTS('',3,(#505,#506,#507,#508,#509,#510,#511,#512,
#513),.UNSPECIFIED.,.F.,.F.,(4,1,1,1,1,1,4),(0.E0,1.666666666667E-1,
3.333333333333E-1,5.E-1,6.666666666667E-1,8.333333333333E-1,1.E0),
.UNSPECIFIED.);
#528=B_SPLINE_CURVE_WITH_KNOTS('',3,(#519,#520,#521,#522,#523,#524,#525,#526,
#527),.UNSPECIFIED.,.F.,.F.,(4,1,1,1,1,1,4),(0.E0,1.666666666667E-1,
3.333333333333E-1,5.E-1,6.666666666667E-1,8.333333333333E-1,1.E0),
.UNSPECIFIED.);
#642=B_SPLINE_CURVE_WITH_KNOTS('',3,(#633,#634,#635,#636,#637,#638,#639,#640,
#641),.UNSPECIFIED.,.F.,.F.,(4,1,1,1,1,1,4),(0.E0,1.666666666667E-1,
3.333333333333E-1,5.E-1,6.666666666667E-1,8.333333333333E-1,1.E0),
.UNSPECIFIED.);
#768=B_SPLINE_CURVE_WITH_KNOTS('',3,(#759,#760,#761,#762,#763,#764,#765,#766,
#767),.UNSPECIFIED.,.F.,.F.,(4,1,1,1,1,1,4),(0.E0,1.666666666667E-1,
3.333333333333E-1,5.E-1,6.666666666667E-1,8.333333333333E-1,1.E0),
.UNSPECIFIED.);
#781=CIRCLE('',#780,1.E0);
#786=CIRCLE('',#785,1.E0);
#791=CIRCLE('',#790,1.E0);
#796=CIRCLE('',#795,1.E0);
#857=CIRCLE('',#856,1.E0);
#862=CIRCLE('',#861,1.E0);
#895=CIRCLE('',#894,1.E0);
#900=CIRCLE('',#899,1.E0);
#914=B_SPLINE_CURVE_WITH_KNOTS('',3,(#905,#906,#907,#908,#909,#910,#911,#912,
#913),.UNSPECIFIED.,.F.,.F.,(4,1,1,1,1,1,4),(0.E0,1.666666666667E-1,
3.333333333333E-1,5.E-1,6.666666666667E-1,8.333333333333E-1,1.E0),
.UNSPECIFIED.);
#927=CIRCLE('',#926,1.E0);
#936=B_SPLINE_CURVE_WITH_KNOTS('',3,(#932,#933,#934,#935),.UNSPECIFIED.,.F.,.F.,
(4,4),(0.E0,1.E0),.UNSPECIFIED.);
#949=B_SPLINE_CURVE_WITH_KNOTS('',3,(#945,#946,#947,#948),.UNSPECIFIED.,.F.,.F.,
(4,4),(0.E0,1.E0),.UNSPECIFIED.);
#954=CIRCLE('',#953,1.869047114406E0);
#959=CIRCLE('',#958,1.869047114406E0);
#964=CIRCLE('',#963,1.E0);
#969=CIRCLE('',#968,1.E0);
#976=B_SPLINE_CURVE_WITH_KNOTS('',3,(#970,#971,#972,#973,#974,#975),
.UNSPECIFIED.,.F.,.F.,(4,1,1,4),(0.E0,3.333333333333E-1,6.666666666667E-1,1.E0),
.UNSPECIFIED.);
#983=B_SPLINE_CURVE_WITH_KNOTS('',3,(#977,#978,#979,#980,#981,#982),
.UNSPECIFIED.,.F.,.F.,(4,1,1,4),(0.E0,3.333333333333E-1,6.666666666667E-1,1.E0),
.UNSPECIFIED.);
#988=CIRCLE('',#987,2.E0);
#993=CIRCLE('',#992,2.E0);
#1000=B_SPLINE_CURVE_WITH_KNOTS('',3,(#994,#995,#996,#997,#998,#999),
.UNSPECIFIED.,.F.,.F.,(4,1,1,4),(0.E0,3.333333333333E-1,6.666666666667E-1,1.E0),
.UNSPECIFIED.);
#1007=B_SPLINE_CURVE_WITH_KNOTS('',3,(#1001,#1002,#1003,#1004,#1005,#1006),
.UNSPECIFIED.,.F.,.F.,(4,1,1,4),(0.E0,3.333333333333E-1,6.666666666667E-1,1.E0),
.UNSPECIFIED.);
#1012=CIRCLE('',#1011,1.E0);
#1017=CIRCLE('',#1016,1.E0);
#1022=CIRCLE('',#1021,1.E0);
#1027=CIRCLE('',#1026,1.930158461016E0);
#1032=CIRCLE('',#1031,1.930158461016E0);
#1173=CIRCLE('',#1172,1.E0);
#1178=CIRCLE('',#1177,9.999999999997E-1);
#1187=CIRCLE('',#1186,1.E0);
#1196=CIRCLE('',#1195,9.999999999997E-1);
#1257=CIRCLE('',#1256,1.834126344914E0);
#1262=CIRCLE('',#1261,1.E0);
#1267=CIRCLE('',#1266,1.E0);
#1272=CIRCLE('',#1271,1.E0);
#1277=CIRCLE('',#1276,1.E0);
#1354=CIRCLE('',#1353,1.061111346610E0);
#1363=CIRCLE('',#1362,9.388886533894E-1);
#1376=CIRCLE('',#1375,6.833340398317E-1);
#1389=CIRCLE('',#1388,6.833340398316E-1);
#1398=CIRCLE('',#1397,6.833340398316E-1);
#1495=CIRCLE('',#1494,1.869047114406E0);
#1504=CIRCLE('',#1503,1.E0);
#1509=CIRCLE('',#1508,1.E0);
#1526=CIRCLE('',#1525,2.E0);
#1603=CIRCLE('',#1602,5.E-1);
#1608=CIRCLE('',#1607,5.E-1);
#1617=CIRCLE('',#1616,5.E-1);
#1622=CIRCLE('',#1621,5.E-1);
#1667=CIRCLE('',#1666,7.531755788152E-1);
#1672=CIRCLE('',#1671,7.531755788152E-1);
#1681=CIRCLE('',#1680,7.531755788152E-1);
#1686=CIRCLE('',#1685,1.E0);
#1691=CIRCLE('',#1690,1.E0);
#1724=CIRCLE('',#1723,5.611113466105E-1);
#1729=CIRCLE('',#1728,5.611113466106E-1);
#1930=CIRCLE('',#1929,9.388886533894E-1);
#1939=CIRCLE('',#1938,1.061111346610E0);
#2501=EDGE_CURVE('',#1942,#1943,#53,.T.);
#2503=EDGE_CURVE('',#1942,#1945,#17,.T.);
#2505=EDGE_CURVE('',#1945,#1947,#21,.T.);
#2507=EDGE_CURVE('',#1947,#1949,#25,.T.);
#2509=EDGE_CURVE('',#1949,#1951,#29,.T.);
#2511=EDGE_CURVE('',#1953,#1951,#182,.T.);
#2513=EDGE_CURVE('',#1953,#1943,#33,.T.);
#2517=ADVANCED_FACE('',(#2516),#2500,.T.);
#2523=EDGE_CURVE('',#1956,#1957,#37,.T.);
#2525=EDGE_CURVE('',#1957,#1959,#41,.T.);
#2527=EDGE_CURVE('',#1961,#1959,#1281,.T.);
#2529=EDGE_CURVE('',#1961,#1963,#45,.T.);
#2531=EDGE_CURVE('',#1965,#1963,#1244,.T.);
#2533=EDGE_CURVE('',#1965,#1942,#49,.T.);
#2536=EDGE_CURVE('',#1943,#1956,#57,.T.);
#2540=ADVANCED_FACE('',(#2539),#2522,.T.);
#2546=EDGE_CURVE('',#1968,#1969,#74,.T.);
#2548=EDGE_CURVE('',#1968,#1957,#61,.T.);
#2551=EDGE_CURVE('',#1956,#1969,#65,.T.);
#2555=ADVANCED_FACE('',(#2554),#2545,.T.);
#2561=EDGE_CURVE('',#1971,#1968,#70,.T.);
#2564=EDGE_CURVE('',#1973,#1969,#195,.T.);
#2566=EDGE_CURVE('',#1973,#1971,#78,.T.);
#2570=ADVANCED_FACE('',(#2569),#2560,.F.);
#2577=EDGE_CURVE('',#1971,#1975,#82,.T.);
#2579=EDGE_CURVE('',#1977,#1975,#274,.T.);
#2581=EDGE_CURVE('',#1977,#1968,#86,.T.);
#2585=ADVANCED_FACE('',(#2584),#2575,.F.);
#2591=EDGE_CURVE('',#1980,#1981,#90,.T.);
#2593=EDGE_CURVE('',#1975,#1981,#278,.T.);
#2596=EDGE_CURVE('',#1971,#1980,#94,.T.);
#2600=ADVANCED_FACE('',(#2599),#2590,.T.);
#2607=EDGE_CURVE('',#1980,#1982,#104,.T.);
#2609=EDGE_CURVE('',#1984,#1982,#282,.T.);
#2611=EDGE_CURVE('',#1981,#1984,#239,.T.);
#2615=ADVANCED_FACE('',(#2614),#2605,.T.);
#2621=EDGE_CURVE('',#1982,#1986,#108,.T.);
#2624=EDGE_CURVE('',#1988,#1980,#178,.T.);
#2626=EDGE_CURVE('',#1986,#1988,#122,.T.);
#2630=ADVANCED_FACE('',(#2629),#2620,.T.);
#2637=EDGE_CURVE('',#1986,#1990,#112,.T.);
#2639=EDGE_CURVE('',#1992,#1990,#355,.T.);
#2641=EDGE_CURVE('',#1982,#1992,#286,.T.);
#2645=ADVANCED_FACE('',(#2644),#2635,.T.);
#2652=EDGE_CURVE('',#1951,#1988,#186,.T.);
#2655=EDGE_CURVE('',#1994,#1949,#203,.T.);
#2657=EDGE_CURVE('',#1994,#1995,#132,.T.);
#2659=EDGE_CURVE('',#1995,#1997,#136,.T.);
#2661=EDGE_CURVE('',#1997,#1999,#140,.T.);
#2663=EDGE_CURVE('',#1999,#2001,#144,.T.);
#2665=EDGE_CURVE('',#2001,#2003,#149,.T.);
#2667=EDGE_CURVE('',#2003,#2005,#154,.T.);
#2669=EDGE_CURVE('',#2005,#2007,#158,.T.);
#2671=EDGE_CURVE('',#2009,#2007,#650,.T.);
#2673=EDGE_CURVE('',#2011,#2009,#646,.T.);
#2675=EDGE_CURVE('',#2011,#2013,#162,.T.);
#2677=EDGE_CURVE('',#2013,#2015,#166,.T.);
#2679=EDGE_CURVE('',#2017,#2015,#379,.T.);
#2681=EDGE_CURVE('',#2019,#2017,#367,.T.);
#2683=EDGE_CURVE('',#2019,#2021,#170,.T.);
#2685=EDGE_CURVE('',#2021,#2023,#174,.T.);
#2687=EDGE_CURVE('',#1990,#2023,#359,.T.);
#2692=ADVANCED_FACE('',(#2691),#2650,.T.);
#2701=EDGE_CURVE('',#1953,#1973,#190,.T.);
#2707=ADVANCED_FACE('',(#2706),#2697,.T.);
#2720=ADVANCED_FACE('',(#2719),#2712,.T.);
#2726=EDGE_CURVE('',#2025,#1994,#199,.T.);
#2730=EDGE_CURVE('',#1947,#2027,#207,.T.);
#2732=EDGE_CURVE('',#2029,#2027,#1182,.T.);
#2734=EDGE_CURVE('',#2029,#2025,#211,.T.);
#2738=ADVANCED_FACE('',(#2737),#2725,.T.);
#2745=EDGE_CURVE('',#2025,#2030,#221,.T.);
#2747=EDGE_CURVE('',#1995,#2030,#1048,.T.);
#2752=ADVANCED_FACE('',(#2751),#2743,.F.);
#2758=EDGE_CURVE('',#2030,#2032,#225,.T.);
#2761=EDGE_CURVE('',#2034,#2025,#1140,.T.);
#2763=EDGE_CURVE('',#2032,#2034,#253,.T.);
#2767=ADVANCED_FACE('',(#2766),#2757,.F.);
#2774=EDGE_CURVE('',#2032,#2036,#229,.T.);
#2776=EDGE_CURVE('',#2038,#2036,#1064,.T.);
#2778=EDGE_CURVE('',#2030,#2038,#1052,.T.);
#2782=ADVANCED_FACE('',(#2781),#2772,.T.);
#2789=EDGE_CURVE('',#1984,#2040,#243,.T.);
#2791=EDGE_CURVE('',#2036,#2040,#1068,.T.);
#2795=EDGE_CURVE('',#2042,#2034,#1152,.T.);
#2797=EDGE_CURVE('',#2042,#2044,#257,.T.);
#2799=EDGE_CURVE('',#2044,#2046,#261,.T.);
#2801=EDGE_CURVE('',#2046,#2048,#265,.T.);
#2803=EDGE_CURVE('',#2050,#2048,#1301,.T.);
#2805=EDGE_CURVE('',#2050,#1977,#269,.T.);
#2811=ADVANCED_FACE('',(#2810),#2787,.F.);
#2819=EDGE_CURVE('',#2052,#1992,#306,.T.);
#2821=EDGE_CURVE('',#2052,#2054,#290,.T.);
#2823=EDGE_CURVE('',#2054,#2040,#294,.T.);
#2828=ADVANCED_FACE('',(#2827),#2816,.T.);
#2834=EDGE_CURVE('',#2057,#2058,#322,.T.);
#2836=EDGE_CURVE('',#2057,#2060,#298,.T.);
#2838=EDGE_CURVE('',#2060,#2052,#302,.T.);
#2841=EDGE_CURVE('',#1992,#2062,#310,.T.);
#2843=EDGE_CURVE('',#2062,#2058,#314,.T.);
#2847=ADVANCED_FACE('',(#2846),#2833,.F.);
#2853=EDGE_CURVE('',#2065,#2066,#318,.T.);
#2855=EDGE_CURVE('',#2057,#2066,#484,.T.);
#2858=EDGE_CURVE('',#2065,#2058,#335,.T.);
#2862=ADVANCED_FACE('',(#2861),#2852,.F.);
#2869=EDGE_CURVE('',#2068,#2065,#326,.T.);
#2871=EDGE_CURVE('',#2070,#2068,#1100,.T.);
#2873=EDGE_CURVE('',#2066,#2070,#488,.T.);
#2877=ADVANCED_FACE('',(#2876),#2867,.T.);
#2886=EDGE_CURVE('',#2062,#2072,#339,.T.);
#2888=EDGE_CURVE('',#2072,#2068,#343,.T.);
#2892=ADVANCED_FACE('',(#2891),#2882,.F.);
#2899=EDGE_CURVE('',#2062,#2023,#347,.T.);
#2902=EDGE_CURVE('',#2021,#2072,#351,.T.);
#2906=ADVANCED_FACE('',(#2905),#2897,.F.);
#2918=ADVANCED_FACE('',(#2917),#2911,.F.);
#2926=EDGE_CURVE('',#2074,#2019,#363,.T.);
#2928=EDGE_CURVE('',#2072,#2074,#1092,.T.);
#2932=ADVANCED_FACE('',(#2931),#2923,.F.);
#2940=EDGE_CURVE('',#2076,#2017,#375,.T.);
#2942=EDGE_CURVE('',#2074,#2076,#1108,.T.);
#2946=ADVANCED_FACE('',(#2945),#2937,.T.);
#2952=EDGE_CURVE('',#2015,#2078,#371,.T.);
#2954=EDGE_CURVE('',#2076,#2078,#1132,.T.);
#2960=ADVANCED_FACE('',(#2959),#2951,.F.);
#2966=EDGE_CURVE('',#2078,#2080,#400,.T.);
#2970=EDGE_CURVE('',#2013,#2080,#383,.T.);
#2974=ADVANCED_FACE('',(#2973),#2965,.F.);
#2980=EDGE_CURVE('',#2082,#2080,#404,.T.);
#2982=EDGE_CURVE('',#2082,#2083,#392,.T.);
#2984=EDGE_CURVE('',#2083,#2085,#396,.T.);
#2986=EDGE_CURVE('',#2078,#2085,#1112,.T.);
#2991=ADVANCED_FACE('',(#2990),#2979,.F.);
#2997=EDGE_CURVE('',#2082,#2087,#424,.T.);
#3000=EDGE_CURVE('',#2089,#2080,#1088,.T.);
#3002=EDGE_CURVE('',#2089,#2091,#408,.T.);
#3004=EDGE_CURVE('',#2091,#2093,#412,.T.);
#3006=EDGE_CURVE('',#2093,#2087,#416,.T.);
#3010=ADVANCED_FACE('',(#3009),#2996,.F.);
#3016=EDGE_CURVE('',#2095,#2083,#420,.T.);
#3020=EDGE_CURVE('',#2095,#2087,#437,.T.);
#3024=ADVANCED_FACE('',(#3023),#3015,.F.);
#3031=EDGE_CURVE('',#2097,#2095,#428,.T.);
#3033=EDGE_CURVE('',#2085,#2097,#1116,.T.);
#3038=ADVANCED_FACE('',(#3037),#3029,.T.);
#3047=EDGE_CURVE('',#2093,#2099,#441,.T.);
#3049=EDGE_CURVE('',#2100,#2099,#514,.T.);
#3051=EDGE_CURVE('',#2100,#2102,#445,.T.);
#3053=EDGE_CURVE('',#2102,#2104,#449,.T.);
#3055=EDGE_CURVE('',#2104,#2106,#453,.T.);
#3057=EDGE_CURVE('',#2106,#2107,#463,.T.);
#3059=EDGE_CURVE('',#2107,#2109,#467,.T.);
#3061=EDGE_CURVE('',#2109,#2111,#471,.T.);
#3063=EDGE_CURVE('',#2112,#2111,#983,.T.);
#3065=EDGE_CURVE('',#2112,#2060,#475,.T.);
#3070=EDGE_CURVE('',#2070,#2114,#492,.T.);
#3072=EDGE_CURVE('',#2114,#2116,#496,.T.);
#3074=EDGE_CURVE('',#2097,#2116,#1120,.T.);
#3078=ADVANCED_FACE('',(#3077),#3043,.T.);
#3084=EDGE_CURVE('',#2099,#2118,#518,.T.);
#3088=EDGE_CURVE('',#2091,#2118,#500,.T.);
#3092=ADVANCED_FACE('',(#3091),#3083,.F.);
#3098=EDGE_CURVE('',#2120,#2100,#504,.T.);
#3102=EDGE_CURVE('',#2118,#2120,#528,.T.);
#3106=ADVANCED_FACE('',(#3105),#3097,.F.);
#3112=EDGE_CURVE('',#2123,#2124,#532,.T.);
#3114=EDGE_CURVE('',#2124,#2126,#536,.T.);
#3116=EDGE_CURVE('',#2126,#2128,#540,.T.);
#3118=EDGE_CURVE('',#2130,#2128,#572,.T.);
#3120=EDGE_CURVE('',#2132,#2130,#742,.T.);
#3122=EDGE_CURVE('',#2132,#2134,#544,.T.);
#3124=EDGE_CURVE('',#2134,#2136,#548,.T.);
#3126=EDGE_CURVE('',#2136,#2138,#552,.T.);
#3128=EDGE_CURVE('',#2140,#2138,#870,.T.);
#3130=EDGE_CURVE('',#2142,#2140,#694,.T.);
#3132=EDGE_CURVE('',#2102,#2142,#682,.T.);
#3136=EDGE_CURVE('',#2120,#2144,#556,.T.);
#3138=EDGE_CURVE('',#2146,#2144,#608,.T.);
#3140=EDGE_CURVE('',#2146,#2123,#560,.T.);
#3144=ADVANCED_FACE('',(#3143),#3111,.F.);
#3151=EDGE_CURVE('',#2123,#2148,#564,.T.);
#3153=EDGE_CURVE('',#2148,#2150,#568,.T.);
#3155=EDGE_CURVE('',#2124,#2150,#600,.T.);
#3159=ADVANCED_FACE('',(#3158),#3149,.F.);
#3166=EDGE_CURVE('',#2128,#2152,#576,.T.);
#3168=EDGE_CURVE('',#2152,#2148,#580,.T.);
#3172=EDGE_CURVE('',#2154,#2146,#616,.T.);
#3174=EDGE_CURVE('',#2154,#2156,#584,.T.);
#3176=EDGE_CURVE('',#2156,#2130,#588,.T.);
#3180=ADVANCED_FACE('',(#3179),#3164,.F.);
#3187=EDGE_CURVE('',#2126,#2158,#592,.T.);
#3189=EDGE_CURVE('',#2158,#2152,#596,.T.);
#3194=ADVANCED_FACE('',(#3193),#3185,.F.);
#3202=EDGE_CURVE('',#2150,#2158,#604,.T.);
#3207=ADVANCED_FACE('',(#3206),#3199,.F.);
#3219=ADVANCED_FACE('',(#3218),#3212,.T.);
#3226=EDGE_CURVE('',#2144,#2160,#612,.T.);
#3228=EDGE_CURVE('',#2154,#2160,#882,.T.);
#3233=ADVANCED_FACE('',(#3232),#3224,.F.);
#3239=EDGE_CURVE('',#2089,#2162,#620,.T.);
#3241=EDGE_CURVE('',#2162,#2164,#624,.T.);
#3243=EDGE_CURVE('',#2164,#2166,#628,.T.);
#3245=EDGE_CURVE('',#2168,#2166,#746,.T.);
#3247=EDGE_CURVE('',#2160,#2168,#886,.T.);
#3256=ADVANCED_FACE('',(#3255),#3238,.T.);
#3262=EDGE_CURVE('',#2009,#2170,#632,.T.);
#3264=EDGE_CURVE('',#2170,#2162,#642,.T.);
#3267=EDGE_CURVE('',#2011,#2089,#1084,.T.);
#3272=ADVANCED_FACE('',(#3271),#3261,.T.);
#3278=EDGE_CURVE('',#2170,#2177,#658,.T.);
#3282=EDGE_CURVE('',#2177,#2007,#918,.T.);
#3286=ADVANCED_FACE('',(#3285),#3277,.F.);
#3292=EDGE_CURVE('',#2109,#2162,#654,.T.);
#3296=EDGE_CURVE('',#2109,#2177,#914,.T.);
#3300=ADVANCED_FACE('',(#3299),#3291,.F.);
#3308=EDGE_CURVE('',#2164,#2107,#662,.T.);
#3313=ADVANCED_FACE('',(#3312),#3305,.T.);
#3321=EDGE_CURVE('',#2106,#2171,#666,.T.);
#3323=EDGE_CURVE('',#2164,#2171,#768,.T.);
#3327=ADVANCED_FACE('',(#3326),#3318,.F.);
#3335=EDGE_CURVE('',#2179,#2104,#678,.T.);
#3337=EDGE_CURVE('',#2179,#2181,#670,.T.);
#3339=EDGE_CURVE('',#2181,#2173,#674,.T.);
#3341=EDGE_CURVE('',#2171,#2173,#772,.T.);
#3345=ADVANCED_FACE('',(#3344),#3332,.F.);
#3354=EDGE_CURVE('',#2142,#2179,#686,.T.);
#3358=ADVANCED_FACE('',(#3357),#3350,.F.);
#3364=EDGE_CURVE('',#2184,#2185,#702,.T.);
#3366=EDGE_CURVE('',#2184,#2179,#690,.T.);
#3370=EDGE_CURVE('',#2187,#2140,#866,.T.);
#3372=EDGE_CURVE('',#2185,#2187,#852,.T.);
#3376=ADVANCED_FACE('',(#3375),#3363,.T.);
#3382=EDGE_CURVE('',#2190,#2191,#714,.T.);
#3384=EDGE_CURVE('',#2190,#2184,#698,.T.);
#3387=EDGE_CURVE('',#2191,#2185,#848,.T.);
#3391=ADVANCED_FACE('',(#3390),#3381,.T.);
#3397=EDGE_CURVE('',#2136,#2193,#706,.T.);
#3399=EDGE_CURVE('',#2193,#2190,#710,.T.);
#3402=EDGE_CURVE('',#2191,#2195,#718,.T.);
#3404=EDGE_CURVE('',#2195,#2138,#722,.T.);
#3409=ADVANCED_FACE('',(#3408),#3396,.F.);
#3415=EDGE_CURVE('',#2197,#2134,#738,.T.);
#3417=EDGE_CURVE('',#2197,#2193,#726,.T.);
#3423=ADVANCED_FACE('',(#3422),#3414,.F.);
#3429=EDGE_CURVE('',#2132,#2199,#730,.T.);
#3431=EDGE_CURVE('',#2199,#2197,#734,.T.);
#3437=ADVANCED_FACE('',(#3436),#3428,.F.);
#3443=EDGE_CURVE('',#2199,#2166,#750,.T.);
#3448=EDGE_CURVE('',#2168,#2156,#890,.T.);
#3453=ADVANCED_FACE('',(#3452),#3442,.T.);
#3460=EDGE_CURVE('',#2166,#2175,#754,.T.);
#3462=EDGE_CURVE('',#2175,#2201,#758,.T.);
#3464=EDGE_CURVE('',#2199,#2201,#828,.T.);
#3468=ADVANCED_FACE('',(#3467),#3458,.T.);
#3477=EDGE_CURVE('',#2173,#2175,#776,.T.);
#3482=ADVANCED_FACE('',(#3481),#3473,.T.);
#3488=EDGE_CURVE('',#2203,#2181,#800,.T.);
#3490=EDGE_CURVE('',#2205,#2203,#804,.T.);
#3492=EDGE_CURVE('',#2207,#2205,#816,.T.);
#3494=EDGE_CURVE('',#2209,#2207,#824,.T.);
#3496=EDGE_CURVE('',#2201,#2209,#832,.T.);
#3503=EDGE_CURVE('',#2212,#2213,#781,.T.);
#3505=EDGE_CURVE('',#2213,#2212,#786,.T.);
#3509=EDGE_CURVE('',#2216,#2217,#791,.T.);
#3511=EDGE_CURVE('',#2217,#2216,#796,.T.);
#3515=ADVANCED_FACE('',(#3502,#3508,#3514),#3487,.T.);
#3521=EDGE_CURVE('',#2203,#2184,#808,.T.);
#3528=ADVANCED_FACE('',(#3527),#3520,.T.);
#3534=EDGE_CURVE('',#2205,#2190,#820,.T.);
#3541=ADVANCED_FACE('',(#3540),#3533,.T.);
#3547=EDGE_CURVE('',#2193,#2207,#812,.T.);
#3554=ADVANCED_FACE('',(#3553),#3546,.F.);
#3560=EDGE_CURVE('',#2209,#2197,#836,.T.);
#3567=ADVANCED_FACE('',(#3566),#3559,.F.);
#3579=ADVANCED_FACE('',(#3578),#3572,.F.);
#3585=EDGE_CURVE('',#2220,#2221,#857,.T.);
#3587=EDGE_CURVE('',#2213,#2220,#874,.T.);
#3590=EDGE_CURVE('',#2212,#2221,#840,.T.);
#3594=ADVANCED_FACE('',(#3593),#3584,.F.);
#3600=EDGE_CURVE('',#2187,#2195,#844,.T.);
#3608=EDGE_CURVE('',#2221,#2220,#862,.T.);
#3612=ADVANCED_FACE('',(#3606,#3611),#3599,.F.);
#3624=ADVANCED_FACE('',(#3623),#3617,.F.);
#3636=ADVANCED_FACE('',(#3635),#3629,.F.);
#3642=EDGE_CURVE('',#2224,#2225,#895,.T.);
#3644=EDGE_CURVE('',#2217,#2224,#904,.T.);
#3647=EDGE_CURVE('',#2216,#2225,#878,.T.);
#3651=ADVANCED_FACE('',(#3650),#3641,.F.);
#3664=EDGE_CURVE('',#2225,#2224,#900,.T.);
#3668=ADVANCED_FACE('',(#3662,#3667),#3656,.F.);
#3680=ADVANCED_FACE('',(#3679),#3673,.F.);
#3690=EDGE_CURVE('',#2226,#2005,#936,.T.);
#3692=EDGE_CURVE('',#2226,#2228,#922,.T.);
#3694=EDGE_CURVE('',#2111,#2228,#1000,.T.);
#3698=ADVANCED_FACE('',(#3697),#3685,.T.);
#3704=EDGE_CURVE('',#2231,#2232,#944,.T.);
#3706=EDGE_CURVE('',#2231,#2234,#927,.T.);
#3708=EDGE_CURVE('',#2234,#2236,#931,.T.);
#3710=EDGE_CURVE('',#2238,#2236,#1017,.T.);
#3712=EDGE_CURVE('',#2226,#2238,#1012,.T.);
#3716=EDGE_CURVE('',#2003,#2240,#940,.T.);
#3718=EDGE_CURVE('',#2232,#2240,#964,.T.);
#3722=ADVANCED_FACE('',(#3721),#3703,.F.);
#3731=EDGE_CURVE('',#2240,#2232,#969,.T.);
#3735=EDGE_CURVE('',#2001,#2241,#949,.T.);
#3737=EDGE_CURVE('',#2236,#2241,#1022,.T.);
#3741=ADVANCED_FACE('',(#3740),#3727,.F.);
#3747=EDGE_CURVE('',#2112,#2243,#954,.T.);
#3749=EDGE_CURVE('',#2243,#2245,#959,.T.);
#3751=EDGE_CURVE('',#2247,#2245,#1080,.T.);
#3753=EDGE_CURVE('',#2054,#2247,#1072,.T.);
#3764=ADVANCED_FACE('',(#3759,#3763),#3746,.F.);
#3770=EDGE_CURVE('',#2249,#2111,#993,.T.);
#3772=EDGE_CURVE('',#2251,#2249,#988,.T.);
#3774=EDGE_CURVE('',#2251,#2245,#976,.T.);
#3781=ADVANCED_FACE('',(#3780),#3769,.T.);
#3790=EDGE_CURVE('',#2253,#2228,#1032,.T.);
#3792=EDGE_CURVE('',#2255,#2253,#1027,.T.);
#3794=EDGE_CURVE('',#2255,#2251,#1007,.T.);
#3798=ADVANCED_FACE('',(#3797),#3786,.T.);
#3807=EDGE_CURVE('',#2255,#2241,#1036,.T.);
#3814=ADVANCED_FACE('',(#3813),#3803,.T.);
#3824=EDGE_CURVE('',#2257,#1999,#1040,.T.);
#3826=EDGE_CURVE('',#2251,#2257,#1076,.T.);
#3830=ADVANCED_FACE('',(#3829),#3819,.T.);
#3838=EDGE_CURVE('',#1997,#2038,#1044,.T.);
#3840=EDGE_CURVE('',#2257,#2038,#1060,.T.);
#3844=ADVANCED_FACE('',(#3843),#3835,.F.);
#3856=ADVANCED_FACE('',(#3855),#3849,.T.);
#3862=EDGE_CURVE('',#2247,#2257,#1056,.T.);
#3871=ADVANCED_FACE('',(#3870),#3861,.F.);
#3883=ADVANCED_FACE('',(#3882),#3876,.T.);
#3895=ADVANCED_FACE('',(#3894),#3888,.F.);
#3903=EDGE_CURVE('',#2259,#2074,#1104,.T.);
#3905=EDGE_CURVE('',#2259,#2114,#1096,.T.);
#3911=ADVANCED_FACE('',(#3910),#3900,.F.);
#3919=EDGE_CURVE('',#2261,#2076,#1128,.T.);
#3921=EDGE_CURVE('',#2259,#2261,#1136,.T.);
#3925=ADVANCED_FACE('',(#3924),#3916,.T.);
#3934=EDGE_CURVE('',#2116,#2261,#1124,.T.);
#3940=ADVANCED_FACE('',(#3939),#3930,.F.);
#3952=ADVANCED_FACE('',(#3951),#3945,.F.);
#3960=EDGE_CURVE('',#2267,#2029,#1156,.T.);
#3962=EDGE_CURVE('',#2267,#2269,#1144,.T.);
#3964=EDGE_CURVE('',#2271,#2269,#1853,.T.);
#3966=EDGE_CURVE('',#2273,#2271,#1857,.T.);
#3968=EDGE_CURVE('',#2273,#2042,#1148,.T.);
#3973=ADVANCED_FACE('',(#3972),#3957,.T.);
#3980=EDGE_CURVE('',#2029,#2293,#1160,.T.);
#3982=EDGE_CURVE('',#2383,#2293,#1789,.T.);
#3984=EDGE_CURVE('',#2383,#2267,#1164,.T.);
#3988=ADVANCED_FACE('',(#3987),#3978,.F.);
#3994=EDGE_CURVE('',#2281,#1942,#1208,.T.);
#3996=EDGE_CURVE('',#2283,#2281,#1801,.T.);
#3998=EDGE_CURVE('',#2285,#2283,#1757,.T.);
#4000=EDGE_CURVE('',#2285,#2287,#1168,.T.);
#4002=EDGE_CURVE('',#2287,#2289,#1173,.T.);
#4004=EDGE_CURVE('',#2291,#2289,#1781,.T.);
#4006=EDGE_CURVE('',#2291,#2293,#1178,.T.);
#4010=EDGE_CURVE('',#2295,#2027,#1873,.T.);
#4012=EDGE_CURVE('',#2295,#2297,#1187,.T.);
#4014=EDGE_CURVE('',#2297,#2299,#1191,.T.);
#4016=EDGE_CURVE('',#2299,#2301,#1196,.T.);
#4018=EDGE_CURVE('',#2301,#2277,#1200,.T.);
#4020=EDGE_CURVE('',#1945,#2277,#1893,.T.);
#4025=ADVANCED_FACE('',(#4024),#3993,.F.);
#4031=EDGE_CURVE('',#2303,#1965,#1216,.T.);
#4033=EDGE_CURVE('',#2303,#2305,#1204,.T.);
#4035=EDGE_CURVE('',#2281,#2305,#1793,.T.);
#4041=ADVANCED_FACE('',(#4040),#4030,.T.);
#4047=EDGE_CURVE('',#2312,#2313,#1212,.T.);
#4049=EDGE_CURVE('',#2303,#2313,#1676,.T.);
#4052=EDGE_CURVE('',#2312,#1965,#1240,.T.);
#4056=ADVANCED_FACE('',(#4055),#4046,.T.);
#4062=EDGE_CURVE('',#2315,#2312,#1224,.T.);
#4064=EDGE_CURVE('',#2317,#2315,#1821,.T.);
#4066=EDGE_CURVE('',#2317,#2313,#1220,.T.);
#4071=ADVANCED_FACE('',(#4070),#4061,.T.);
#4078=EDGE_CURVE('',#2327,#2312,#1236,.T.);
#4080=EDGE_CURVE('',#2329,#2327,#1252,.T.);
#4082=EDGE_CURVE('',#2320,#2329,#1546,.T.);
#4084=EDGE_CURVE('',#2320,#2321,#1228,.T.);
#4086=EDGE_CURVE('',#2331,#2321,#1578,.T.);
#4088=EDGE_CURVE('',#2331,#2333,#1232,.T.);
#4090=EDGE_CURVE('',#2315,#2333,#1805,.T.);
#4094=ADVANCED_FACE('',(#4093),#4076,.T.);
#4103=EDGE_CURVE('',#1963,#2327,#1248,.T.);
#4107=ADVANCED_FACE('',(#4106),#4099,.T.);
#4116=EDGE_CURVE('',#2335,#1961,#1289,.T.);
#4118=EDGE_CURVE('',#2335,#2337,#1257,.T.);
#4120=EDGE_CURVE('',#2339,#2337,#1542,.T.);
#4122=EDGE_CURVE('',#2329,#2339,#1550,.T.);
#4126=EDGE_CURVE('',#2342,#2343,#1262,.T.);
#4128=EDGE_CURVE('',#2343,#2342,#1267,.T.);
#4132=EDGE_CURVE('',#2346,#2347,#1272,.T.);
#4134=EDGE_CURVE('',#2347,#2346,#1277,.T.);
#4138=ADVANCED_FACE('',(#4125,#4131,#4137),#4112,.T.);
#4145=EDGE_CURVE('',#1959,#2349,#1285,.T.);
#4147=EDGE_CURVE('',#2335,#2349,#1521,.T.);
#4152=ADVANCED_FACE('',(#4151),#4143,.T.);
#4158=EDGE_CURVE('',#1959,#2309,#1293,.T.);
#4160=EDGE_CURVE('',#2351,#2309,#1499,.T.);
#4162=EDGE_CURVE('',#2349,#2351,#1482,.T.);
#4167=ADVANCED_FACE('',(#4166),#4157,.T.);
#4173=EDGE_CURVE('',#1957,#2050,#1297,.T.);
#4176=EDGE_CURVE('',#2307,#2048,#1321,.T.);
#4178=EDGE_CURVE('',#2307,#2309,#1305,.T.);
#4184=ADVANCED_FACE('',(#4183),#4172,.T.);
#4196=ADVANCED_FACE('',(#4195),#4189,.T.);
#4203=EDGE_CURVE('',#2046,#2361,#1309,.T.);
#4205=EDGE_CURVE('',#2361,#2363,#1313,.T.);
#4207=EDGE_CURVE('',#2365,#2363,#1418,.T.);
#4209=EDGE_CURVE('',#2367,#2365,#1442,.T.);
#4211=EDGE_CURVE('',#2353,#2367,#1466,.T.);
#4213=EDGE_CURVE('',#2353,#2307,#1317,.T.);
#4218=ADVANCED_FACE('',(#4217),#4201,.F.);
#4224=EDGE_CURVE('',#2370,#2371,#1345,.T.);
#4226=EDGE_CURVE('',#2370,#2373,#1325,.T.);
#4228=EDGE_CURVE('',#2373,#2361,#1329,.T.);
#4232=EDGE_CURVE('',#2375,#2044,#1861,.T.);
#4234=EDGE_CURVE('',#2375,#2377,#1333,.T.);
#4236=EDGE_CURVE('',#2371,#2377,#1845,.T.);
#4240=ADVANCED_FACE('',(#4239),#4223,.F.);
#4246=EDGE_CURVE('',#2380,#2381,#1337,.T.);
#4248=EDGE_CURVE('',#2381,#2370,#1341,.T.);
#4251=EDGE_CURVE('',#2371,#2269,#1349,.T.);
#4255=EDGE_CURVE('',#2383,#2385,#1354,.T.);
#4257=EDGE_CURVE('',#2385,#2387,#1358,.T.);
#4259=EDGE_CURVE('',#2387,#2389,#1363,.T.);
#4261=EDGE_CURVE('',#2389,#2391,#1367,.T.);
#4263=EDGE_CURVE('',#2391,#2393,#1371,.T.);
#4265=EDGE_CURVE('',#2393,#2395,#1376,.T.);
#4267=EDGE_CURVE('',#2395,#2397,#1380,.T.);
#4269=EDGE_CURVE('',#2397,#2399,#1384,.T.);
#4271=EDGE_CURVE('',#2399,#2401,#1389,.T.);
#4273=EDGE_CURVE('',#2401,#2403,#1393,.T.);
#4275=EDGE_CURVE('',#2403,#2405,#1398,.T.);
#4277=EDGE_CURVE('',#2405,#2407,#1402,.T.);
#4279=EDGE_CURVE('',#2325,#2407,#1570,.T.);
#4281=EDGE_CURVE('',#2325,#2323,#1406,.T.);
#4283=EDGE_CURVE('',#2409,#2323,#1562,.T.);
#4285=EDGE_CURVE('',#2409,#2411,#1410,.T.);
#4287=EDGE_CURVE('',#2411,#2380,#1414,.T.);
#4291=ADVANCED_FACE('',(#4290),#4245,.F.);
#4297=EDGE_CURVE('',#2365,#2413,#1430,.T.);
#4300=EDGE_CURVE('',#2363,#2415,#1422,.T.);
#4302=EDGE_CURVE('',#2381,#2415,#1837,.T.);
#4305=EDGE_CURVE('',#2417,#2380,#1458,.T.);
#4307=EDGE_CURVE('',#2419,#2417,#1454,.T.);
#4309=EDGE_CURVE('',#2419,#2413,#1426,.T.);
#4313=ADVANCED_FACE('',(#4312),#4296,.F.);
#4320=EDGE_CURVE('',#2413,#2421,#1434,.T.);
#4322=EDGE_CURVE('',#2421,#2367,#1438,.T.);
#4327=ADVANCED_FACE('',(#4326),#4318,.F.);
#4334=EDGE_CURVE('',#2419,#2423,#1446,.T.);
#4336=EDGE_CURVE('',#2423,#2421,#1450,.T.);
#4341=ADVANCED_FACE('',(#4340),#4332,.F.);
#4348=EDGE_CURVE('',#2425,#2417,#1462,.T.);
#4350=EDGE_CURVE('',#2423,#2425,#1470,.T.);
#4355=ADVANCED_FACE('',(#4354),#4346,.T.);
#4363=EDGE_CURVE('',#2425,#2411,#1474,.T.);
#4368=ADVANCED_FACE('',(#4367),#4360,.F.);
#4374=EDGE_CURVE('',#2355,#2427,#1486,.T.);
#4376=EDGE_CURVE('',#2353,#2355,#1490,.T.);
#4384=EDGE_CURVE('',#2409,#2429,#1478,.T.);
#4386=EDGE_CURVE('',#2427,#2429,#1534,.T.);
#4390=ADVANCED_FACE('',(#4389),#4373,.T.);
#4397=EDGE_CURVE('',#2355,#2351,#1495,.T.);
#4400=EDGE_CURVE('',#2349,#2427,#1526,.T.);
#4404=ADVANCED_FACE('',(#4403),#4395,.T.);
#4417=EDGE_CURVE('',#2358,#2359,#1504,.T.);
#4419=EDGE_CURVE('',#2359,#2358,#1509,.T.);
#4423=ADVANCED_FACE('',(#4416,#4422),#4409,.F.);
#4430=EDGE_CURVE('',#2343,#2358,#1517,.T.);
#4433=EDGE_CURVE('',#2342,#2359,#1513,.T.);
#4437=ADVANCED_FACE('',(#4436),#4428,.F.);
#4449=ADVANCED_FACE('',(#4448),#4442,.F.);
#4457=EDGE_CURVE('',#2427,#2337,#1530,.T.);
#4462=ADVANCED_FACE('',(#4461),#4454,.T.);
#4470=EDGE_CURVE('',#2429,#2339,#1538,.T.);
#4475=ADVANCED_FACE('',(#4474),#4467,.T.);
#4484=EDGE_CURVE('',#2429,#2320,#1554,.T.);
#4488=ADVANCED_FACE('',(#4487),#4480,.T.);
#4494=EDGE_CURVE('',#2323,#2320,#1558,.T.);
#4501=ADVANCED_FACE('',(#4500),#4493,.T.);
#4510=EDGE_CURVE('',#2321,#2325,#1566,.T.);
#4514=ADVANCED_FACE('',(#4513),#4506,.T.);
#4522=EDGE_CURVE('',#2407,#2487,#1574,.T.);
#4524=EDGE_CURVE('',#2331,#2487,#1825,.T.);
#4529=ADVANCED_FACE('',(#4528),#4519,.T.);
#4535=EDGE_CURVE('',#2473,#2463,#1598,.T.);
#4537=EDGE_CURVE('',#2473,#2477,#1582,.T.);
#4539=EDGE_CURVE('',#2485,#2477,#1813,.T.);
#4541=EDGE_CURVE('',#2485,#2487,#1586,.T.);
#4545=EDGE_CURVE('',#2465,#2405,#1630,.T.);
#4547=EDGE_CURVE('',#2465,#2463,#1590,.T.);
#4551=ADVANCED_FACE('',(#4550),#4534,.F.);
#4557=EDGE_CURVE('',#2462,#2463,#1603,.T.);
#4559=EDGE_CURVE('',#2462,#2471,#1594,.T.);
#4561=EDGE_CURVE('',#2473,#2471,#1681,.T.);
#4566=ADVANCED_FACE('',(#4565),#4556,.F.);
#4574=EDGE_CURVE('',#2465,#2467,#1608,.T.);
#4576=EDGE_CURVE('',#2467,#2469,#1612,.T.);
#4578=EDGE_CURVE('',#2469,#2451,#1617,.T.);
#4580=EDGE_CURVE('',#2448,#2451,#1642,.T.);
#4582=EDGE_CURVE('',#2448,#2457,#1622,.T.);
#4584=EDGE_CURVE('',#2462,#2457,#1695,.T.);
#4588=ADVANCED_FACE('',(#4587),#4571,.F.);
#4594=EDGE_CURVE('',#2403,#2467,#1626,.T.);
#4601=ADVANCED_FACE('',(#4600),#4593,.F.);
#4607=EDGE_CURVE('',#2469,#2401,#1638,.T.);
#4614=ADVANCED_FACE('',(#4613),#4606,.F.);
#4620=EDGE_CURVE('',#2399,#2451,#1634,.T.);
#4627=ADVANCED_FACE('',(#4626),#4619,.F.);
#4633=EDGE_CURVE('',#2448,#2449,#1658,.T.);
#4638=EDGE_CURVE('',#2397,#2445,#1646,.T.);
#4640=EDGE_CURVE('',#2445,#2453,#1650,.T.);
#4642=EDGE_CURVE('',#2455,#2453,#1707,.T.);
#4644=EDGE_CURVE('',#2455,#2449,#1654,.T.);
#4648=ADVANCED_FACE('',(#4647),#4632,.T.);
#4656=EDGE_CURVE('',#2459,#2449,#1667,.T.);
#4658=EDGE_CURVE('',#2459,#2457,#1662,.T.);
#4662=ADVANCED_FACE('',(#4661),#4653,.F.);
#4668=EDGE_CURVE('',#2459,#2471,#1699,.T.);
#4672=EDGE_CURVE('',#2475,#2455,#1703,.T.);
#4674=EDGE_CURVE('',#2475,#2435,#1672,.T.);
#4676=EDGE_CURVE('',#2433,#2435,#1765,.T.);
#4678=EDGE_CURVE('',#2305,#2433,#1797,.T.);
#4683=EDGE_CURVE('',#2477,#2317,#1817,.T.);
#4689=EDGE_CURVE('',#2480,#2481,#1686,.T.);
#4691=EDGE_CURVE('',#2481,#2480,#1691,.T.);
#4695=ADVANCED_FACE('',(#4688,#4694),#4667,.F.);
#4707=ADVANCED_FACE('',(#4706),#4700,.F.);
#4713=EDGE_CURVE('',#2475,#2483,#1719,.T.);
#4717=EDGE_CURVE('',#2453,#2483,#1711,.T.);
#4721=ADVANCED_FACE('',(#4720),#4712,.T.);
#4727=EDGE_CURVE('',#2437,#2483,#1729,.T.);
#4729=EDGE_CURVE('',#2437,#2435,#1715,.T.);
#4735=ADVANCED_FACE('',(#4734),#4726,.F.);
#4741=EDGE_CURVE('',#2442,#2439,#1724,.T.);
#4743=EDGE_CURVE('',#2437,#2439,#1769,.T.);
#4748=EDGE_CURVE('',#2445,#2442,#1733,.T.);
#4752=ADVANCED_FACE('',(#4751),#4740,.F.);
#4758=EDGE_CURVE('',#2442,#2443,#1737,.T.);
#4760=EDGE_CURVE('',#2443,#2395,#1741,.T.);
#4763=EDGE_CURVE('',#2393,#2431,#1745,.T.);
#4765=EDGE_CURVE('',#2431,#2439,#1749,.T.);
#4770=ADVANCED_FACE('',(#4769),#4757,.F.);
#4783=ADVANCED_FACE('',(#4782),#4775,.F.);
#4791=EDGE_CURVE('',#2391,#2285,#1753,.T.);
#4794=EDGE_CURVE('',#2283,#2433,#1761,.T.);
#4802=ADVANCED_FACE('',(#4801),#4788,.T.);
#4808=EDGE_CURVE('',#2287,#2389,#1773,.T.);
#4815=ADVANCED_FACE('',(#4814),#4807,.F.);
#4823=EDGE_CURVE('',#2387,#2289,#1777,.T.);
#4828=ADVANCED_FACE('',(#4827),#4820,.T.);
#4836=EDGE_CURVE('',#2291,#2385,#1785,.T.);
#4841=ADVANCED_FACE('',(#4840),#4833,.F.);
#4853=ADVANCED_FACE('',(#4852),#4846,.F.);
#4865=ADVANCED_FACE('',(#4864),#4858,.F.);
#4872=EDGE_CURVE('',#2333,#2485,#1809,.T.);
#4879=ADVANCED_FACE('',(#4878),#4870,.T.);
#4891=ADVANCED_FACE('',(#4890),#4884,.F.);
#4898=EDGE_CURVE('',#2347,#2480,#1833,.T.);
#4901=EDGE_CURVE('',#2346,#2481,#1829,.T.);
#4905=ADVANCED_FACE('',(#4904),#4896,.F.);
#4917=ADVANCED_FACE('',(#4916),#4910,.F.);
#4926=EDGE_CURVE('',#2415,#2373,#1841,.T.);
#4930=ADVANCED_FACE('',(#4929),#4922,.F.);
#4942=ADVANCED_FACE('',(#4941),#4935,.F.);
#4949=EDGE_CURVE('',#2377,#2271,#1849,.T.);
#4955=ADVANCED_FACE('',(#4954),#4947,.F.);
#4962=EDGE_CURVE('',#2273,#2375,#1865,.T.);
#4968=ADVANCED_FACE('',(#4967),#4960,.T.);
#4980=ADVANCED_FACE('',(#4979),#4973,.F.);
#4986=EDGE_CURVE('',#2027,#2265,#1869,.T.);
#4988=EDGE_CURVE('',#2489,#2265,#1934,.T.);
#4990=EDGE_CURVE('',#2295,#2489,#1925,.T.);
#4995=ADVANCED_FACE('',(#4994),#4985,.F.);
#5001=EDGE_CURVE('',#2263,#1947,#1885,.T.);
#5003=EDGE_CURVE('',#2263,#2265,#1877,.T.);
#5009=ADVANCED_FACE('',(#5008),#5000,.T.);
#5016=EDGE_CURVE('',#2275,#1945,#1889,.T.);
#5018=EDGE_CURVE('',#2275,#2263,#1881,.T.);
#5023=ADVANCED_FACE('',(#5022),#5014,.T.);
#5031=EDGE_CURVE('',#2279,#2277,#1905,.T.);
#5033=EDGE_CURVE('',#2279,#2275,#1897,.T.);
#5037=ADVANCED_FACE('',(#5036),#5028,.T.);
#5043=EDGE_CURVE('',#2493,#2301,#1913,.T.);
#5045=EDGE_CURVE('',#2493,#2279,#1901,.T.);
#5051=ADVANCED_FACE('',(#5050),#5042,.T.);
#5058=EDGE_CURVE('',#2299,#2495,#1909,.T.);
#5060=EDGE_CURVE('',#2493,#2495,#1939,.T.);
#5065=ADVANCED_FACE('',(#5064),#5056,.F.);
#5071=EDGE_CURVE('',#2491,#2297,#1921,.T.);
#5073=EDGE_CURVE('',#2491,#2495,#1917,.T.);
#5079=ADVANCED_FACE('',(#5078),#5070,.T.);
#5085=EDGE_CURVE('',#2491,#2489,#1930,.T.);
#5092=ADVANCED_FACE('',(#5091),#5084,.T.);
#5108=ADVANCED_FACE('',(#5107),#5097,.F.);
#5111=(LENGTH_UNIT()NAMED_UNIT(*)SI_UNIT(.MILLI.,.METRE.));
#5112=(NAMED_UNIT(*)PLANE_ANGLE_UNIT()SI_UNIT($,.RADIAN.));
#5115=(NAMED_UNIT(*)SI_UNIT($,.STERADIAN.)SOLID_ANGLE_UNIT());
#5117=(GEOMETRIC_REPRESENTATION_CONTEXT(3)GLOBAL_UNCERTAINTY_ASSIGNED_CONTEXT((
#5116))GLOBAL_UNIT_ASSIGNED_CONTEXT((#5111,#5114,#5115))REPRESENTATION_CONTEXT(
'ID1','3'));
#5118=ADVANCED_BREP_SHAPE_REPRESENTATION('',(#5110),#5117);
#5125=PRODUCT_DEFINITION('part definition','',#5124,#5121);
#5126=PRODUCT_DEFINITION_SHAPE('','SHAPE FOR H615_4_.',#5125);
#5127=SHAPE_ASPECT('','solid data associated with H615_4_',#5126,.F.);
#5128=PROPERTY_DEFINITION('',
'shape for solid data with which properties are associated',#5127);
#5129=SHAPE_REPRESENTATION('',(#5110),#5117);
#5130=SHAPE_DEFINITION_REPRESENTATION(#5128,#5129);
#5131=(LENGTH_UNIT()NAMED_UNIT(*)SI_UNIT(.MILLI.,.METRE.));
#5135=PROPERTY_DEFINITION('geometric validation property','area of H615_4_',
#5127);
#5136=REPRESENTATION('surface area',(#5134),#5117);
#5137=PROPERTY_DEFINITION_REPRESENTATION(#5135,#5136);
#5138=(LENGTH_UNIT()NAMED_UNIT(*)SI_UNIT(.MILLI.,.METRE.));
#5142=PROPERTY_DEFINITION('geometric validation property','volume of H615_4_',
#5127);
#5143=REPRESENTATION('volume',(#5141),#5117);
#5144=PROPERTY_DEFINITION_REPRESENTATION(#5142,#5143);
#5146=PROPERTY_DEFINITION('geometric validation property','centroid of H615_4_',
#5127);
#5147=REPRESENTATION('centroid',(#5145),#5117);
#5148=PROPERTY_DEFINITION_REPRESENTATION(#5146,#5147);
#5149=(LENGTH_UNIT()NAMED_UNIT(*)SI_UNIT(.MILLI.,.METRE.));
#5153=PROPERTY_DEFINITION('geometric validation property','area of H615_4_',
#5126);
#5154=REPRESENTATION('surface area',(#5152),#5117);
#5155=PROPERTY_DEFINITION_REPRESENTATION(#5153,#5154);
#5156=(LENGTH_UNIT()NAMED_UNIT(*)SI_UNIT(.MILLI.,.METRE.));
#5160=PROPERTY_DEFINITION('geometric validation property','volume of H615_4_',
#5126);
#5161=REPRESENTATION('volume',(#5159),#5117);
#5162=PROPERTY_DEFINITION_REPRESENTATION(#5160,#5161);
#5164=PROPERTY_DEFINITION('geometric validation property','centroid of H615_4_',
#5126);
#5165=REPRESENTATION('centroid',(#5163),#5117);
#5166=PROPERTY_DEFINITION_REPRESENTATION(#5164,#5165);
#5167=SHAPE_DEFINITION_REPRESENTATION(#5126,#5118);
ENDSEC;
END-ISO-10303-21;
